２　国籍・地域別　港別　入国外国人,,,,,,,,,,,,,,,,２　国籍・地域別　港別　入国外国人（続き）,,,,,,,,,,,,,,２　国籍・地域別　港別　入国外国人（続き）,,,,,,,,,,,,,,,,２　国籍・地域別　港別　入国外国人（続き）,,,,,,,,,,,,,,,,,,,,,,,,,,,,,,,,,,,,,,,,,,,,,,,,,,,,,,,,,,,,,,,,,,,,,,,,,,,,,,,,,,,,,,,,,,,
,,,,,,,,,,,,,,,,,,,,,,,,,,,,,,,,,,,,,,,,,,,,,,,,,,,,,,,,,,,,,,,,,,,,,,,,,,,,,,,,,,,,,,,,,,,,,,,,,,,,,,,,,,,,,,,,,,,,,,,,,,,,,,,,,,,,,,,,,
,全国,北海道,,,,,,,,,,,,青森県,,,岩手県,宮城県,,秋田県,,山形県,,福島県,,茨城県,,,,埼玉県,千葉県,,,,東京都,,,,,神奈川県,,,,新潟県,,,富山県,,石川県,,,,静岡県,,,,愛知県,,,,,三重県,京都府,大阪府,,,兵庫県,,,,和歌山県,,鳥取県,,鳥取県・島根県,島根県,岡山県,,,広島県,,,,,,山口県,,,,,徳島県,,香川県,,,愛媛県,,,高知県,,福岡県,,,,,佐賀県,,長崎県,,,,,,熊本県,,大分県,,,宮崎県,,,鹿児島県,,,,,沖縄県,,,,,,,,,,
国籍 ・ 地域,総数,"旭川
（空港）",小樽,釧路,"釧路
（空港）",様似,知内,"新千歳
（空港）",苫小牧,函館,"函館
（空港）",室蘭,稚内,青森,"青森
（空港）","三沢
（空港）","花巻
（空港）","仙台
（空港）",仙台塩釜,"秋田
（空港）",秋田船川,"庄内
（空港）","山形
（空港）",小名浜,"福島
（空港）","茨城
（空港）",鹿島,東海,常陸那珂,"入間
（空港）",木更津,千葉,名洗,"成田
（空港）","硫黄島
（空港）",東京,"羽田
（空港）",二見,"横田
（空港）","厚木
（空港）",川崎,横須賀,横浜,直江津,新潟,"新潟
（空港）","富山
（空港）",伏木富山,金沢,"小松
（空港）",七尾,"能登
（空港）","静岡
（空港）",清水,"浜松
（空港）",焼津,衣浦,"中部
（空港）",名古屋,"名古屋
（空港）",三河,四日市,舞鶴,"大阪
（阪神）","関西
（空港）",堺泉北,"尼崎西宮
芦屋
（阪神）","神戸
（阪神）",東播磨,姫路,"白浜
（空港）",和歌山下津,"鳥取
（空港）","米子
（空港）",境,"出雲
（空港）","岡山
（空港）",日比,水島,倉橋,呉,重井,広島,"広島
（空港）",福山,"岩国
（空港）",宇部,"関門
（下関）",三田尻中関,柳井,"徳島
（空港）",徳島小松島,坂出,"高松
（空港）",直島,松山,"松山
（空港）",三島川之江,高知,"高知
（空港）","関門
（門司）","関門
（戸畑）","北九州
（空港）",博多,"福岡
（空港）",唐津,"佐賀
（空港）",厳原,佐世保,長崎,"長崎
（空港）",比田勝,松島,"熊本
（空港）",八代,大分,"大分
（空港）",佐賀関,油津,"新田原
（空港）","宮崎
（空港）",鹿児島,"鹿児島
（空港）",喜入,枕崎,山川,石垣,糸満,"嘉手納
（空港）",金武中城,"下地島
（空港）","新石垣
（空港）",那覇,"那覇
（空港）",平良,"普天間
（空港）",与那国
総数,"25,830,810 ","12,045 ","5,763 ","2,684 ",4 ,1 ,1 ,"1,229,709 ",2 ,"4,403 ","27,005 ","1,926 ",60 ,"2,093 ","3,595 ",269 ,"10,623 ","111,637 ",6 ,"1,177 ","1,345 ",175 ,"2,119 ",1 ,"2,409 ","17,751 ",3 ,1 ,1 ,1 ,12 ,16 ,1 ,"8,036,214 ",381 ,"2,550 ","4,657,583 ",2 ,"2,117 ",16 ,8 ,65 ,"4,517 ",2 ,4 ,"14,419 ","16,138 ",67 ,"3,677 ","41,066 ",13 ,446 ,"21,114 ",572 ,4 ,73 ,1 ,"838,842 ",37 ,113 ,2 ,1 ,34 ,"16,590 ","6,525,181",   6 ,   15 ,"8,515",1,3,141,11,301,"8,551","3,317",166,"38,305",3,1,2,34,1,527,"34,641",3,383,36,"45,580",1,1,"3,049",1,3,"89,086",1,300,"33,896",1,"1,255","11,149","1,610",8,"37,778","80,194","2,677,005",652,"23,868",30,"1,186","35,449",529,"120,147",1,"71,876","1,027",2,"12,197",1,2,5,"9,408","16,199","25,908",2,18,31,"4,814",1,"2,183",52,2,300,"1,837","807,685",747,1,82
アジア,"20,549,248 ","11,989 ",386 ,49 ,0 ,1 ,1 ,"1,180,822 ",1 ,413 ,"26,814 ",96 ,0 ,626 ,"3,565 ",6 ,"10,596 ","110,534 ",2 ,"1,173 ",284 ,175 ,"2,116 ",1 ,"2,283 ","17,641 ",2 ,1 ,1 ,0 ,11 ,3 ,1 ,"5,948,689 ",0 ,104 ,"2,405,695 ",0 ,48 ,0 ,8 ,0 ,"1,542 ",1 ,0 ,"14,206 ","16,030 ",0 ,237 ,"40,387 ",0 ,446 ,"20,770 ",10 ,0 ,0 ,1 ,"801,480 ",9 ,52 ,1 ,1 ,0 ,"13,401 ","5,916,979",   3 ,   11 ,"2,400",0,0,141,3,300,"8,327",465,166,"37,959",0,1,0,0,1,38,"32,941",1,0,0,"44,197",1,0,"3,045",1,0,"86,557",1,19,"33,561",1,238,"11,138",34,0,"37,415","68,839","2,584,899",14,"23,708",27,463,"7,341",506,"119,385",1,"70,772",354,2,"12,059",1,0,0,"9,285","3,392","24,828",2,0,1,602,1,26,8,0,299,658,"772,812",226,0,82
アフガニスタン,"3,333 ",0 ,0 ,0 ,0 ,0 ,0 ,2 ,0 ,0 ,0 ,0 ,0 ,0 ,0 ,0 ,0 ,1 ,0 ,0 ,0 ,0 ,0 ,0 ,0 ,0 ,0 ,0 ,0 ,0 ,0 ,0 ,0 ,"2,165 ",0 ,0 ,682 ,0 ,0 ,0 ,0 ,0 ,0 ,0 ,0 ,0 ,0 ,0 ,0 ,0 ,0 ,0 ,1 ,0 ,0 ,0 ,0 ,23 ,0 ,0 ,0 ,0 ,0 ,0 ,364,   0 ,   0 ,0,0,0,0,0,0,0,0,0,0,0,0,0,0,0,0,4,0,0,0,0,0,0,0,0,0,0,0,0,0,0,0,0,0,0,0,0,86,0,0,0,0,0,0,0,0,0,0,0,0,0,0,0,0,0,0,0,0,0,0,0,0,0,0,0,0,5,0,0,0
アラブ首長国連邦,"10,280 ",0 ,0 ,0 ,0 ,0 ,0 ,19 ,0 ,0 ,0 ,0 ,0 ,0 ,0 ,0 ,0 ,0 ,0 ,0 ,0 ,0 ,0 ,0 ,0 ,0 ,0 ,0 ,0 ,0 ,0 ,0 ,0 ,"5,804 ",0 ,0 ,"1,664 ",0 ,0 ,0 ,0 ,0 ,3 ,0 ,0 ,0 ,0 ,0 ,0 ,0 ,0 ,0 ,0 ,0 ,0 ,0 ,0 ,13 ,0 ,0 ,0 ,0 ,0 ,0 ,"2,733",   0 ,   0 ,14,0,0,0,0,0,0,0,0,0,0,0,0,0,0,0,0,0,0,0,0,0,0,0,0,0,0,0,0,0,0,0,0,0,0,0,0,17,0,0,0,0,9,0,0,0,0,0,0,0,0,0,0,0,2,0,0,0,0,0,0,0,0,0,0,0,2,0,0,0
イエメン,551 ,0 ,0 ,0 ,0 ,0 ,0 ,0 ,0 ,0 ,0 ,0 ,0 ,0 ,0 ,0 ,0 ,0 ,0 ,0 ,0 ,0 ,0 ,0 ,0 ,0 ,0 ,0 ,0 ,0 ,0 ,0 ,0 ,312 ,0 ,0 ,138 ,0 ,0 ,0 ,0 ,0 ,0 ,0 ,0 ,0 ,0 ,0 ,0 ,0 ,0 ,0 ,0 ,0 ,0 ,0 ,0 ,2 ,0 ,0 ,0 ,0 ,0 ,0 ,88,   0 ,   0 ,4,0,0,0,0,0,0,0,0,0,0,0,0,0,0,0,0,0,0,0,0,0,0,0,0,0,0,0,0,0,0,0,0,0,0,0,0,6,0,0,0,0,0,0,0,0,0,0,0,0,0,0,0,0,0,0,0,0,0,0,0,0,0,0,0,0,1,0,0,0
イスラエル,"45,722 ",0 ,5 ,2 ,0 ,0 ,0 ,189 ,0 ,24 ,0 ,2 ,0 ,12 ,0 ,0 ,0 ,4 ,0 ,0 ,3 ,0 ,0 ,0 ,0 ,0 ,0 ,0 ,0 ,0 ,0 ,0 ,0 ,"28,108 ",0 ,2 ,"9,996 ",0 ,0 ,0 ,0 ,0 ,18 ,0 ,0 ,1 ,0 ,0 ,7 ,1 ,0 ,0 ,0 ,0 ,0 ,0 ,0 ,86 ,0 ,0 ,0 ,0 ,0 ,14 ,"5,891",   0 ,   0 ,75,0,0,0,3,0,0,44,0,0,0,0,0,0,0,0,11,0,0,0,0,0,0,0,0,0,3,0,0,3,0,2,0,4,0,0,53,458,2,1,0,0,365,0,1,0,1,32,0,0,0,0,0,0,110,0,0,0,0,57,0,0,0,0,0,11,119,2,0,0
イラク,"1,142 ",0 ,0 ,0 ,0 ,0 ,0 ,0 ,0 ,0 ,0 ,0 ,0 ,0 ,0 ,0 ,0 ,0 ,0 ,0 ,0 ,0 ,0 ,0 ,0 ,0 ,0 ,0 ,0 ,0 ,0 ,0 ,0 ,759 ,0 ,0 ,204 ,0 ,0 ,0 ,0 ,0 ,0 ,0 ,0 ,0 ,0 ,0 ,0 ,0 ,0 ,0 ,0 ,0 ,0 ,0 ,0 ,1 ,0 ,0 ,0 ,0 ,0 ,0 ,170,   0 ,   0 ,0,0,0,0,0,0,0,0,0,0,0,0,0,0,0,0,0,0,0,0,0,0,0,0,0,0,0,0,0,0,0,0,0,0,0,0,0,7,0,0,0,0,0,0,0,0,0,0,0,0,0,0,0,0,0,0,0,0,0,0,0,0,0,0,0,0,1,0,0,0
イラン,"8,933 ",0 ,0 ,0 ,0 ,0 ,0 ,8 ,0 ,0 ,0 ,0 ,0 ,0 ,0 ,0 ,0 ,2 ,0 ,0 ,0 ,0 ,0 ,0 ,0 ,0 ,0 ,0 ,0 ,0 ,0 ,0 ,0 ,"4,626 ",0 ,0 ,"2,236 ",0 ,0 ,0 ,0 ,0 ,0 ,0 ,0 ,0 ,0 ,0 ,0 ,0 ,0 ,0 ,0 ,0 ,0 ,0 ,0 ,38 ,0 ,0 ,0 ,0 ,0 ,1 ,"1,882",   0 ,   0 ,0,0,0,0,0,0,0,0,0,0,0,0,0,0,0,0,0,0,0,0,0,0,0,0,0,0,0,0,0,0,0,0,0,0,0,0,0,47,0,0,0,0,0,0,1,0,1,3,0,0,0,0,0,0,30,0,0,0,0,0,0,0,0,0,0,2,56,0,0,0
インド,"175,933 ",0 ,4 ,0 ,0 ,0 ,0 ,913 ,1 ,2 ,0 ,1 ,0 ,6 ,0 ,0 ,0 ,18 ,0 ,0 ,3 ,0 ,0 ,0 ,0 ,138 ,1 ,0 ,0 ,0 ,1 ,0 ,0 ,"97,646 ",0 ,5 ,"55,271 ",0 ,0 ,0 ,2 ,0 ,14 ,0 ,0 ,1 ,2 ,0 ,2 ,11 ,0 ,0 ,2 ,0 ,0 ,0 ,0 ,"1,975 ",4 ,51 ,0 ,0 ,0 ,22 ,"17,286",   0 ,   0 ,23,0,0,0,0,0,2,2,0,2,0,0,0,0,0,1,84,0,0,0,9,1,0,1,0,0,9,0,0,1,0,0,0,0,0,4,57,"1,795",0,0,0,0,105,0,0,0,0,8,0,1,0,0,0,0,41,3,1,0,0,2,0,0,0,0,0,0,399,0,0,0
インドネシア,"436,063 ",2 ,25 ,0 ,0 ,0 ,0 ,"5,705 ",0 ,12 ,4 ,1 ,0 ,0 ,0 ,0 ,1 ,113 ,0 ,0 ,2 ,0 ,0 ,0 ,0 ,4 ,0 ,0 ,0 ,0 ,0 ,0 ,1 ,"184,559 ",0 ,1 ,"121,898 ",0 ,1 ,0 ,0 ,0 ,29 ,1 ,0 ,11 ,72 ,0 ,1 ,166 ,0 ,0 ,4 ,1 ,0 ,0 ,0 ,"13,245 ",0 ,0 ,0 ,0 ,0 ,7 ,"92,925",   0 ,   0 ,72,0,0,0,0,0,6,6,0,34,0,0,0,0,0,0,427,0,0,0,1,0,0,1,0,0,39,0,0,2,0,0,1,2,0,0,68,"14,871",0,11,0,7,262,0,3,0,19,1,0,1,0,0,0,6,56,16,0,0,0,7,1,1,0,0,0,7,"1,344",0,0,0
オマーン,"1,184 ",0 ,0 ,0 ,0 ,0 ,0 ,2 ,0 ,0 ,0 ,0 ,0 ,0 ,0 ,0 ,0 ,0 ,0 ,0 ,0 ,0 ,0 ,0 ,0 ,0 ,0 ,0 ,0 ,0 ,0 ,0 ,0 ,632 ,0 ,1 ,309 ,0 ,0 ,0 ,0 ,0 ,0 ,0 ,0 ,0 ,0 ,0 ,0 ,0 ,0 ,0 ,0 ,0 ,0 ,0 ,0 ,8 ,0 ,0 ,0 ,0 ,0 ,0 ,213,   0 ,   0 ,1,0,0,0,0,0,0,0,0,0,0,0,0,0,0,0,0,0,0,0,0,0,0,0,0,0,0,0,0,0,0,0,0,0,0,0,0,16,0,0,0,0,1,0,0,0,1,0,0,0,0,0,0,0,0,0,0,0,0,0,0,0,0,0,0,0,0,0,0,0
カタール,"3,386 ",0 ,0 ,0 ,0 ,0 ,0 ,0 ,0 ,0 ,0 ,0 ,0 ,0 ,0 ,0 ,0 ,0 ,0 ,0 ,0 ,0 ,0 ,0 ,0 ,0 ,0 ,0 ,0 ,0 ,0 ,0 ,0 ,"2,121 ",0 ,0 ,"1,056 ",0 ,0 ,0 ,0 ,0 ,0 ,0 ,0 ,0 ,0 ,0 ,0 ,0 ,0 ,0 ,0 ,0 ,0 ,0 ,0 ,6 ,0 ,0 ,0 ,0 ,0 ,0 ,173,   0 ,   0 ,10,0,0,0,0,0,0,0,0,0,0,0,0,0,0,0,0,0,0,0,0,0,0,0,0,0,0,0,0,0,0,0,0,0,0,0,0,19,0,0,0,0,1,0,0,0,0,0,0,0,0,0,0,0,0,0,0,0,0,0,0,0,0,0,0,0,0,0,0,0
韓国,"7,144,615 ","3,388 ",43 ,8 ,0 ,1 ,0 ,"569,851 ",0 ,30 ,5 ,12 ,0 ,11 ,820 ,4 ,0 ,"7,834 ",1 ,0 ,57 ,175 ,0 ,1 ,0 ,675 ,0 ,0 ,0 ,0 ,10 ,2 ,0 ,"1,386,245 ",0 ,17 ,"439,035 ",0 ,17 ,0 ,6 ,0 ,301 ,0 ,0 ,"1,405 ","9,182 ",0 ,9 ,445 ,0 ,0 ,"18,996 ",2 ,0 ,0 ,1 ,"156,520 ",2 ,0 ,1 ,0 ,0 ,"12,972 ","2,225,330",   3 ,   0 ,192,0,0,0,0,0,"5,066",125,0,"2,063",0,1,0,0,1,0,"9,209",1,0,0,"43,972",0,0,0,0,0,"41,744",1,0,"30,175",0,14,1,4,0,"36,389","64,729","1,618,873",4,"7,084",27,211,495,0,"119,141",1,"43,634",101,0,"11,920",1,0,0,"9,091",517,"10,574",0,0,0,20,0,14,8,0,0,141,"255,650",4,0,0
（朝鮮）,381 ,0 ,0 ,0 ,0 ,0 ,0 ,1 ,0 ,0 ,0 ,0 ,0 ,0 ,0 ,0 ,0 ,3 ,0 ,0 ,0 ,0 ,0 ,0 ,0 ,0 ,0 ,0 ,0 ,0 ,0 ,0 ,0 ,119 ,0 ,0 ,109 ,0 ,0 ,0 ,0 ,0 ,0 ,0 ,0 ,0 ,0 ,0 ,0 ,0 ,0 ,0 ,0 ,0 ,0 ,0 ,0 ,17 ,0 ,0 ,0 ,0 ,0 ,2 ,114,   0 ,   0 ,0,0,0,0,0,0,0,0,0,0,0,0,0,0,0,0,0,0,0,0,1,0,0,0,0,0,1,0,0,0,0,0,0,0,0,0,1,13,0,0,0,0,0,0,0,0,0,0,0,0,0,0,0,0,0,0,0,0,0,0,0,0,0,0,0,0,0,0,0,0
カンボジア,"28,049 ",0 ,0 ,0 ,0 ,0 ,0 ,"1,125 ",0 ,0 ,0 ,0 ,0 ,0 ,0 ,0 ,0 ,12 ,0 ,0 ,0 ,0 ,0 ,0 ,0 ,0 ,0 ,0 ,0 ,0 ,0 ,0 ,0 ,"13,185 ",0 ,0 ,"2,878 ",0 ,0 ,0 ,0 ,0 ,1 ,0 ,0 ,1 ,17 ,0 ,0 ,5 ,0 ,0 ,0 ,0 ,0 ,0 ,0 ,"3,298 ",0 ,0 ,0 ,0 ,0 ,3 ,"4,819",   0 ,   0 ,0,0,0,0,0,0,0,0,0,24,0,0,0,0,0,0,137,0,0,0,0,0,0,0,0,0,3,0,0,0,0,0,0,0,0,0,1,"2,425",0,0,0,0,2,28,0,0,1,0,0,0,0,0,0,1,0,0,0,0,0,0,0,0,0,0,0,0,83,0,0,0
キプロス,"2,305 ",0 ,0 ,0 ,0 ,0 ,0 ,40 ,0 ,0 ,0 ,0 ,0 ,0 ,0 ,0 ,0 ,0 ,0 ,0 ,0 ,0 ,0 ,0 ,0 ,0 ,0 ,0 ,0 ,0 ,0 ,0 ,0 ,"1,121 ",0 ,0 ,703 ,0 ,0 ,0 ,0 ,0 ,0 ,0 ,0 ,0 ,0 ,0 ,0 ,0 ,0 ,0 ,0 ,0 ,0 ,0 ,0 ,9 ,0 ,0 ,0 ,0 ,0 ,2 ,385,   0 ,   0 ,0,0,0,0,0,0,0,0,0,0,0,0,0,0,0,0,1,0,0,0,0,0,0,0,0,0,0,0,0,0,0,0,0,0,0,0,0,25,0,0,0,0,2,0,0,0,0,0,0,0,0,0,0,0,7,0,0,0,0,0,0,0,0,0,0,2,8,0,0,0
クウェート,"5,013 ",0 ,0 ,0 ,0 ,0 ,0 ,16 ,0 ,1 ,0 ,0 ,0 ,0 ,0 ,0 ,0 ,0 ,0 ,0 ,0 ,0 ,0 ,0 ,0 ,0 ,0 ,0 ,0 ,0 ,0 ,0 ,0 ,"2,666 ",0 ,0 ,"1,493 ",0 ,0 ,0 ,0 ,0 ,9 ,0 ,0 ,0 ,0 ,0 ,0 ,0 ,0 ,0 ,0 ,0 ,0 ,0 ,0 ,3 ,0 ,0 ,0 ,0 ,0 ,0 ,760,   0 ,   0 ,6,0,0,0,0,0,0,4,0,0,0,0,0,0,0,0,0,0,0,0,0,0,0,0,0,0,0,0,0,0,0,0,0,0,0,0,1,47,0,0,0,0,3,0,0,0,0,0,0,0,0,0,0,0,0,0,0,0,0,0,0,0,0,0,0,0,4,0,0,0
サウジアラビア,"12,420 ",0 ,0 ,0 ,0 ,0 ,0 ,28 ,0 ,0 ,0 ,0 ,0 ,0 ,0 ,0 ,0 ,0 ,0 ,0 ,0 ,0 ,0 ,0 ,0 ,0 ,0 ,0 ,0 ,0 ,0 ,0 ,0 ,"6,757 ",0 ,1 ,"3,756 ",0 ,0 ,0 ,0 ,0 ,0 ,0 ,0 ,0 ,0 ,0 ,0 ,0 ,0 ,0 ,0 ,0 ,0 ,0 ,0 ,32 ,0 ,0 ,0 ,0 ,0 ,0 ,"1,732",   0 ,   0 ,10,0,0,0,0,0,0,0,0,0,0,0,0,0,0,0,0,0,0,0,0,0,0,0,0,0,0,0,0,0,0,6,0,0,0,1,16,74,0,0,0,0,0,0,0,0,1,0,0,0,0,0,0,0,6,0,0,0,0,0,0,0,0,0,0,0,0,0,0,0
シリア,"1,140 ",0 ,0 ,0 ,0 ,0 ,0 ,0 ,0 ,0 ,0 ,0 ,0 ,0 ,0 ,0 ,0 ,0 ,0 ,0 ,0 ,0 ,0 ,0 ,0 ,0 ,0 ,0 ,0 ,0 ,0 ,0 ,0 ,528 ,0 ,0 ,228 ,0 ,0 ,0 ,0 ,0 ,0 ,0 ,0 ,0 ,0 ,0 ,0 ,0 ,0 ,0 ,0 ,0 ,0 ,0 ,0 ,13 ,0 ,0 ,0 ,0 ,0 ,0 ,356,   0 ,   0 ,0,0,0,0,0,0,0,0,0,0,0,0,0,0,0,0,0,0,0,0,0,0,0,0,0,0,0,0,0,0,0,0,0,0,0,0,0,14,0,0,0,0,0,0,0,0,0,0,0,0,0,0,0,0,1,0,0,0,0,0,0,0,0,0,0,0,0,0,0,0
シンガポール,"593,997 ",2 ,63 ,9 ,0 ,0 ,0 ,"28,473 ",0 ,47 ,13 ,6 ,0 ,65 ,0 ,0 ,2 ,137 ,0 ,0 ,8 ,0 ,0 ,0 ,0 ,4 ,1 ,0 ,0 ,0 ,0 ,0 ,0 ,"195,969 ",0 ,3 ,"154,758 ",0 ,2 ,0 ,0 ,0 ,81 ,0 ,0 ,16 ,6 ,0 ,98 ,40 ,0 ,0 ,6 ,0 ,0 ,0 ,0 ,"19,257 ",0 ,0 ,0 ,1 ,0 ,29 ,"159,884",   0 ,   0 ,736,0,0,0,0,0,6,11,0,32,0,0,0,0,0,3,82,0,0,0,12,0,0,0,0,0,64,0,3,6,0,42,1,11,0,10,306,"26,483",0,15,0,7,"1,355",2,7,0,22,3,2,0,0,0,0,4,160,45,0,0,0,116,0,0,0,0,0,44,"5,422",5,0,0
スリランカ,"40,502 ",0 ,0 ,0 ,0 ,0 ,0 ,35 ,0 ,0 ,0 ,0 ,0 ,0 ,0 ,0 ,0 ,0 ,0 ,0 ,0 ,0 ,0 ,0 ,0 ,0 ,0 ,0 ,0 ,0 ,0 ,0 ,0 ,"27,857 ",0 ,0 ,"5,251 ",0 ,0 ,0 ,0 ,0 ,5 ,0 ,0 ,2 ,0 ,0 ,0 ,0 ,0 ,0 ,1 ,0 ,0 ,0 ,0 ,"1,904 ",0 ,0 ,0 ,0 ,0 ,2 ,"4,331",   0 ,   0 ,0,0,0,0,0,0,0,0,0,6,0,0,0,0,0,0,30,0,0,0,0,0,0,0,0,0,0,0,0,0,0,0,0,0,0,2,2,"1,011",0,0,0,0,5,1,0,0,0,0,0,0,0,0,0,0,3,0,0,0,0,0,0,0,0,0,0,0,54,0,0,0
タイ,"1,020,690 ",5 ,17 ,5 ,0 ,0 ,0 ,"74,671 ",0 ,24 ,56 ,1 ,0 ,43 ,0 ,0 ,3 ,863 ,0 ,0 ,9 ,0 ,0 ,0 ,1 ,3 ,0 ,0 ,0 ,0 ,0 ,0 ,0 ,"379,514 ",0 ,14 ,"130,422 ",0 ,13 ,0 ,0 ,0 ,25 ,0 ,0 ,6 ,15 ,0 ,10 ,42 ,0 ,0 ,15 ,0 ,0 ,0 ,0 ,"49,553 ",0 ,0 ,0 ,0 ,0 ,17 ,"256,471",   0 ,   0 ,77,0,0,0,0,0,2,12,0,14,0,0,0,0,0,0,397,0,0,0,12,0,0,1,0,0,116,0,0,12,0,3,3,0,0,14,269,"121,351",0,2,0,53,324,0,47,0,17,42,0,2,0,0,0,0,230,10,0,0,0,4,0,3,0,0,0,7,"5,847",1,0,0
台湾,"4,173,929 ","8,576 ",78 ,2 ,0 ,0 ,0 ,"334,775 ",0 ,57 ,"24,727 ",8 ,0 ,60 ,"2,741 ",0 ,"10,564 ","97,171 ",0 ,"1,169 ",78 ,0 ,"2,115 ",0 ,2 ,"12,351 ",0 ,0 ,0 ,0 ,0 ,1 ,0 ,"1,140,901 ",0 ,29 ,"436,550 ",0 ,0 ,0 ,0 ,0 ,599 ,0 ,0 ,"10,845 ","3,670 ",0 ,14 ,"39,006 ",0 ,446 ,50 ,0 ,0 ,0 ,0 ,"178,491 ",0 ,0 ,0 ,0 ,0 ,138 ,"1,047,888",   0 ,   0 ,265,0,0,0,0,299,282,58,166,"32,338",0,0,0,0,0,4,"14,112",0,0,0,53,0,0,"3,036",1,0,"24,276",0,5,"2,827",0,99,"11,120",6,0,898,"1,631","344,151",0,"12,761",0,63,"1,176",14,101,0,"21,057",33,0,6,0,0,0,171,465,518,0,0,0,263,0,2,0,0,299,265,"347,749",175,0,82
中国,"2,678,102 ",5 ,9 ,14 ,0 ,0 ,0 ,"27,563 ",0 ,36 ,202 ,51 ,0 ,6 ,3 ,1 ,3 ,"2,110 ",0 ,1 ,12 ,0 ,1 ,0 ,0 ,"4,412 ",0 ,0 ,0 ,0 ,0 ,0 ,0 ,"943,672 ",0 ,25 ,"546,727 ",0 ,2 ,0 ,0 ,0 ,126 ,0 ,0 ,"1,777 ","2,969 ",0 ,12 ,438 ,0 ,0 ,"1,033 ",4 ,0 ,0 ,0 ,"91,633 ",0 ,1 ,0 ,0 ,0 ,52 ,"938,093",   0 ,   0 ,63,0,0,1,0,0,19,94,0,"3,074",0,0,0,0,0,14,"4,068",0,0,0,80,0,0,0,0,0,980,0,6,95,0,16,6,0,0,48,334,"78,599",0,"3,786",0,61,304,450,38,0,246,45,0,15,0,0,0,7,364,506,0,0,0,3,0,2,0,0,0,43,"23,740",2,0,0
中国〔香港〕,"2,049,954 ",0 ,94 ,2 ,0 ,0 ,0 ,"102,977 ",0 ,125 ,"1,670 ",9 ,0 ,357 ,0 ,0 ,12 ,201 ,0 ,1 ,56 ,0 ,0 ,0 ,0 ,31 ,0 ,0 ,0 ,0 ,0 ,0 ,0 ,"590,231 ",0 ,2 ,"220,702 ",0 ,0 ,0 ,0 ,0 ,74 ,0 ,0 ,42 ,10 ,0 ,22 ,58 ,0 ,0 ,21 ,0 ,0 ,0 ,0 ,"98,205 ",0 ,0 ,0 ,0 ,0 ,50 ,"616,362",   0 ,   11 ,235,0,0,0,0,0,"2,783",70,0,77,0,0,0,0,0,15,84,0,0,0,17,0,0,0,0,0,"18,693",0,4,14,0,34,0,3,0,20,835,"254,699",4,28,0,40,"1,311",11,15,0,"5,449",40,0,3,0,0,0,0,474,"12,803",0,0,0,21,0,1,0,0,0,44,"120,773",29,0,0
中国〔その他〕,"74,371 ",0 ,0 ,0 ,0 ,0 ,0 ,"2,469 ",0 ,0 ,97 ,0 ,0 ,4 ,0 ,0 ,0 ,7 ,0 ,0 ,0 ,0 ,0 ,0 ,0 ,2 ,0 ,0 ,0 ,0 ,0 ,0 ,0 ,"24,113 ",0 ,0 ,"4,674 ",0 ,0 ,0 ,0 ,0 ,0 ,0 ,0 ,2 ,1 ,0 ,0 ,2 ,0 ,0 ,3 ,0 ,0 ,0 ,0 ,"2,838 ",0 ,0 ,0 ,0 ,0 ,2 ,"26,197",   0 ,   0 ,4,0,0,0,0,0,151,1,0,14,0,0,0,0,0,0,6,0,0,0,0,0,0,0,0,0,509,0,0,0,0,0,0,1,0,2,26,"7,939",0,6,0,0,21,0,0,0,215,2,0,0,0,0,0,0,20,309,0,0,0,2,0,0,0,0,0,4,"4,728",0,0,0
トルコ,"33,065 ",0 ,2 ,0 ,0 ,0 ,0 ,90 ,0 ,8 ,1 ,0 ,0 ,0 ,0 ,0 ,0 ,3 ,0 ,0 ,2 ,0 ,0 ,0 ,0 ,0 ,0 ,0 ,0 ,0 ,0 ,0 ,0 ,"13,645 ",0 ,0 ,"14,496 ",0 ,1 ,0 ,0 ,0 ,16 ,0 ,0 ,0 ,0 ,0 ,1 ,0 ,0 ,0 ,1 ,0 ,0 ,0 ,0 ,431 ,0 ,0 ,0 ,0 ,0 ,16 ,"3,515",   0 ,   0 ,54,0,0,0,0,0,0,9,0,2,0,0,0,0,0,0,10,0,0,0,1,0,0,0,0,0,3,0,0,16,0,0,0,0,0,5,65,425,1,0,0,1,79,0,6,0,4,26,0,0,0,0,0,1,44,0,0,0,1,0,0,0,0,0,0,1,83,0,0,0
ネパール,"88,192 ",0 ,0 ,0 ,0 ,0 ,0 ,626 ,0 ,0 ,0 ,1 ,0 ,0 ,0 ,0 ,0 ,72 ,0 ,0 ,0 ,0 ,0 ,0 ,0 ,0 ,0 ,0 ,0 ,0 ,0 ,0 ,0 ,"49,239 ",0 ,0 ,"8,161 ",0 ,0 ,0 ,0 ,0 ,0 ,0 ,0 ,0 ,0 ,0 ,0 ,2 ,0 ,0 ,0 ,0 ,0 ,0 ,0 ,"7,408 ",0 ,0 ,0 ,0 ,0 ,0 ,"13,627",   0 ,   0 ,0,0,0,0,0,0,0,0,0,1,0,0,0,0,0,0,17,0,0,0,11,0,0,0,0,0,6,0,0,0,0,0,0,0,0,0,2,"8,254",0,0,0,0,1,0,0,0,1,0,0,0,0,0,0,0,1,0,0,0,0,0,0,0,0,0,0,0,762,0,0,0
バーレーン,"1,014 ",0 ,0 ,0 ,0 ,0 ,0 ,1 ,0 ,0 ,0 ,0 ,0 ,0 ,0 ,0 ,0 ,0 ,0 ,0 ,0 ,0 ,0 ,0 ,0 ,0 ,0 ,0 ,0 ,0 ,0 ,0 ,0 ,560 ,0 ,0 ,268 ,0 ,0 ,0 ,0 ,0 ,7 ,0 ,0 ,0 ,0 ,0 ,0 ,0 ,0 ,0 ,0 ,0 ,0 ,0 ,0 ,3 ,0 ,0 ,0 ,0 ,0 ,0 ,169,   0 ,   0 ,0,0,0,0,0,0,0,0,0,0,0,0,0,0,0,0,0,0,0,0,0,0,0,0,0,0,0,0,0,0,0,0,0,0,0,0,1,4,0,0,0,0,0,0,0,0,0,0,0,0,0,0,0,0,0,0,0,0,0,0,0,0,0,0,0,0,1,0,0,0
パキスタン,"27,107 ",0 ,0 ,0 ,0 ,0 ,0 ,88 ,0 ,0 ,0 ,0 ,0 ,0 ,0 ,0 ,0 ,6 ,0 ,0 ,0 ,0 ,0 ,0 ,0 ,0 ,0 ,0 ,0 ,0 ,0 ,0 ,0 ,"17,714 ",0 ,1 ,"3,842 ",0 ,0 ,0 ,0 ,0 ,1 ,0 ,0 ,1 ,1 ,0 ,0 ,0 ,0 ,0 ,3 ,0 ,0 ,0 ,0 ,906 ,0 ,0 ,0 ,0 ,0 ,2 ,"4,056",   0 ,   0 ,0,0,0,0,0,0,1,0,0,1,0,0,0,0,0,0,3,0,0,0,0,0,0,0,0,0,2,0,0,0,0,0,0,0,0,6,7,443,0,0,0,0,0,0,1,0,3,0,0,0,0,0,0,0,0,1,0,0,0,0,0,0,0,0,0,0,18,0,0,0
パレスチナ,321 ,0 ,0 ,0 ,0 ,0 ,0 ,0 ,0 ,0 ,0 ,0 ,0 ,0 ,0 ,0 ,0 ,0 ,0 ,0 ,0 ,0 ,0 ,0 ,0 ,0 ,0 ,0 ,0 ,0 ,0 ,0 ,0 ,155 ,0 ,0 ,117 ,0 ,0 ,0 ,0 ,0 ,0 ,0 ,0 ,0 ,0 ,0 ,0 ,0 ,0 ,0 ,0 ,0 ,0 ,0 ,0 ,0 ,0 ,0 ,0 ,0 ,0 ,0 ,47,   0 ,   0 ,0,0,0,0,0,0,0,0,0,0,0,0,0,0,0,0,0,0,0,0,0,0,0,0,0,0,0,0,0,0,0,0,0,0,0,0,1,0,0,0,0,0,0,0,0,0,0,0,0,0,0,0,0,0,0,0,0,0,0,0,0,0,0,0,0,0,1,0,0,0
バングラデシュ,"22,767 ",0 ,0 ,0 ,0 ,0 ,0 ,111 ,0 ,0 ,0 ,0 ,0 ,0 ,0 ,0 ,0 ,0 ,0 ,0 ,0 ,0 ,0 ,0 ,0 ,0 ,0 ,0 ,0 ,0 ,0 ,0 ,0 ,"13,433 ",0 ,0 ,"4,777 ",0 ,0 ,0 ,0 ,0 ,0 ,0 ,0 ,1 ,0 ,0 ,0 ,0 ,0 ,0 ,3 ,0 ,0 ,0 ,0 ,650 ,0 ,0 ,0 ,0 ,0 ,2 ,"3,001",   0 ,   0 ,0,0,0,0,0,0,0,0,0,3,0,0,0,0,0,0,16,0,0,0,1,0,0,0,0,0,0,0,0,1,0,0,0,0,0,1,10,733,0,0,0,0,0,0,7,0,0,0,0,0,0,0,0,0,3,0,0,0,0,0,0,0,0,0,0,0,14,0,0,0
東ティモール,325 ,0 ,0 ,0 ,0 ,0 ,0 ,0 ,0 ,0 ,0 ,0 ,0 ,0 ,0 ,0 ,0 ,0 ,0 ,0 ,0 ,0 ,0 ,0 ,0 ,0 ,0 ,0 ,0 ,0 ,0 ,0 ,0 ,231 ,0 ,0 ,36 ,0 ,0 ,0 ,0 ,0 ,0 ,0 ,0 ,0 ,0 ,0 ,0 ,0 ,0 ,0 ,0 ,0 ,0 ,0 ,0 ,8 ,0 ,0 ,0 ,0 ,0 ,0 ,37,   0 ,   0 ,0,0,0,0,0,0,0,0,0,0,0,0,0,0,0,0,0,0,0,0,0,0,0,0,0,0,0,0,0,0,0,0,0,0,0,0,0,13,0,0,0,0,0,0,0,0,0,0,0,0,0,0,0,0,0,0,0,0,0,0,0,0,0,0,0,0,0,0,0,0
フィリピン,"734,011 ",0 ,26 ,2 ,0 ,0 ,0 ,"3,865 ",0 ,21 ,3 ,1 ,0 ,7 ,0 ,0 ,1 ,108 ,0 ,1 ,40 ,0 ,0 ,0 ,1 ,4 ,0 ,0 ,1 ,0 ,0 ,0 ,0 ,"348,410 ",0 ,1 ,"78,008 ",0 ,9 ,0 ,0 ,0 ,79 ,0 ,0 ,17 ,1 ,0 ,36 ,8 ,0 ,0 ,29 ,0 ,0 ,0 ,0 ,"86,239 ",1 ,0 ,0 ,0 ,0 ,29 ,"169,201",   0 ,   0 ,186,0,0,0,0,0,5,8,0,21,0,0,0,0,0,0,"1,318",0,0,0,6,0,0,0,0,0,25,0,0,72,1,19,4,3,0,0,127,"42,759",0,1,0,10,794,0,1,0,8,10,0,2,0,0,0,0,558,8,0,0,0,30,0,2,0,0,0,37,"1,844",3,0,0
ブータン,858 ,0 ,0 ,0 ,0 ,0 ,0 ,7 ,0 ,0 ,0 ,0 ,0 ,0 ,0 ,0 ,0 ,3 ,0 ,0 ,0 ,0 ,0 ,0 ,0 ,0 ,0 ,0 ,0 ,0 ,0 ,0 ,0 ,284 ,0 ,0 ,304 ,0 ,0 ,0 ,0 ,0 ,0 ,0 ,0 ,0 ,0 ,0 ,0 ,0 ,0 ,0 ,0 ,0 ,0 ,0 ,0 ,31 ,0 ,0 ,0 ,0 ,0 ,0 ,158,   0 ,   0 ,0,0,0,0,0,0,0,0,0,0,0,0,0,0,0,0,0,0,0,0,0,0,0,0,0,0,0,0,0,0,0,0,0,0,0,0,0,70,0,0,0,0,0,0,0,0,0,0,0,0,0,0,0,0,0,0,0,0,0,0,0,0,0,0,0,0,1,0,0,0
ブルネイ,"6,300 ",0 ,0 ,0 ,0 ,0 ,0 ,68 ,0 ,0 ,0 ,0 ,0 ,0 ,0 ,0 ,0 ,0 ,0 ,0 ,0 ,0 ,0 ,0 ,0 ,0 ,0 ,0 ,0 ,0 ,0 ,0 ,0 ,"5,223 ",0 ,0 ,308 ,0 ,0 ,0 ,0 ,0 ,0 ,0 ,0 ,0 ,0 ,0 ,0 ,1 ,0 ,0 ,0 ,0 ,0 ,0 ,0 ,35 ,0 ,0 ,0 ,0 ,0 ,0 ,573,   0 ,   0 ,0,0,0,0,0,0,0,0,0,0,0,0,0,0,0,0,1,0,0,0,0,0,0,4,0,0,1,0,0,0,0,0,0,0,0,3,3,60,0,0,0,0,14,0,0,0,0,0,0,0,0,0,0,0,0,0,0,0,0,0,0,0,0,0,0,0,6,0,0,0
ベトナム,"602,337 ",5 ,0 ,0 ,0 ,0 ,0 ,"1,945 ",0 ,13 ,6 ,1 ,0 ,3 ,0 ,0 ,3 ,540 ,0 ,1 ,0 ,0 ,0 ,0 ,"2,279 ",11 ,0 ,1 ,0 ,0 ,0 ,0 ,0 ,"263,855 ",0 ,0 ,"38,763 ",0 ,0 ,0 ,0 ,0 ,7 ,0 ,0 ,65 ,69 ,0 ,0 ,84 ,0 ,0 ,585 ,0 ,0 ,0 ,0 ,"75,065 ",0 ,0 ,0 ,0 ,0 ,1 ,"175,005",   0 ,   0 ,4,0,0,140,0,0,2,2,0,216,0,0,0,0,0,0,"2,633",0,0,0,6,0,0,1,0,0,23,0,0,315,0,0,0,0,0,0,94,"39,457",0,2,0,0,24,0,6,0,33,0,0,1,0,0,0,1,87,2,0,0,0,0,0,0,0,0,0,5,976,0,0,0
マレーシア,"420,981 ",6 ,20 ,5 ,0 ,0 ,0 ,"23,745 ",0 ,13 ,28 ,2 ,0 ,52 ,1 ,1 ,7 ,"1,290 ",1 ,0 ,14 ,0 ,0 ,0 ,0 ,6 ,0 ,0 ,0 ,0 ,0 ,0 ,0 ,"139,026 ",0 ,2 ,"103,005 ",0 ,3 ,0 ,0 ,0 ,70 ,0 ,0 ,9 ,7 ,0 ,25 ,59 ,0 ,0 ,3 ,1 ,0 ,0 ,0 ,"7,671 ",2 ,0 ,0 ,0 ,0 ,22 ,"128,035",   0 ,   0 ,333,0,0,0,0,1,2,17,0,33,0,0,0,0,0,1,63,0,0,0,15,0,0,1,0,0,47,0,1,9,0,3,2,0,0,7,181,"13,146",3,10,0,9,640,0,5,0,55,6,0,1,0,0,0,0,185,31,1,0,0,74,0,1,0,0,0,45,"2,917",5,0,0
ミャンマー,"47,940 ",0 ,0 ,0 ,0 ,0 ,0 ,981 ,0 ,0 ,0 ,0 ,0 ,0 ,0 ,0 ,0 ,14 ,0 ,0 ,0 ,0 ,0 ,0 ,0 ,0 ,0 ,0 ,0 ,0 ,0 ,0 ,0 ,"16,696 ",0 ,0 ,"10,135 ",0 ,0 ,0 ,0 ,0 ,0 ,0 ,0 ,2 ,0 ,0 ,0 ,19 ,0 ,0 ,4 ,2 ,0 ,0 ,0 ,"4,817 ",0 ,0 ,0 ,0 ,0 ,1 ,"9,805",   0 ,   0 ,1,0,0,0,0,0,0,0,0,1,0,0,0,0,0,0,215,0,0,0,0,0,0,0,0,0,7,0,0,1,0,0,0,0,0,0,2,"5,103",0,0,0,0,7,0,2,0,0,0,0,0,0,0,0,1,1,1,0,0,0,3,0,0,0,0,0,0,119,0,0,0
モルディブ,632 ,0 ,0 ,0 ,0 ,0 ,0 ,5 ,0 ,0 ,0 ,0 ,0 ,0 ,0 ,0 ,0 ,0 ,0 ,0 ,0 ,0 ,0 ,0 ,0 ,0 ,0 ,0 ,0 ,0 ,0 ,0 ,0 ,346 ,0 ,0 ,162 ,0 ,0 ,0 ,0 ,0 ,0 ,0 ,0 ,0 ,0 ,0 ,0 ,0 ,0 ,0 ,0 ,0 ,0 ,0 ,0 ,7 ,0 ,0 ,0 ,0 ,0 ,0 ,84,   0 ,   0 ,0,0,0,0,0,0,0,0,0,0,0,0,0,0,0,0,0,0,0,0,0,0,0,0,0,0,0,0,0,0,0,0,0,0,0,0,0,26,0,0,0,0,0,0,0,0,0,0,0,0,0,0,0,0,0,0,0,0,0,0,0,0,0,0,0,0,2,0,0,0
モンゴル,"41,609 ",0 ,0 ,0 ,0 ,0 ,1 ,301 ,0 ,0 ,0 ,0 ,0 ,0 ,0 ,0 ,0 ,20 ,0 ,0 ,0 ,0 ,0 ,0 ,0 ,0 ,0 ,0 ,0 ,0 ,0 ,0 ,0 ,"35,100 ",0 ,0 ,"1,012 ",0 ,0 ,0 ,0 ,0 ,76 ,0 ,0 ,2 ,0 ,0 ,0 ,0 ,0 ,0 ,10 ,0 ,0 ,0 ,0 ,757 ,0 ,0 ,0 ,0 ,0 ,15 ,"3,044",   0 ,   0 ,32,0,0,0,0,0,0,2,0,3,0,0,0,0,0,0,7,0,0,0,0,0,0,0,0,0,6,0,0,12,0,0,0,0,0,5,13,973,0,1,0,1,20,0,3,0,3,2,0,107,0,0,0,2,26,1,0,0,0,0,0,0,0,0,0,0,52,0,0,0
ヨルダン,"1,663 ",0 ,0 ,0 ,0 ,0 ,0 ,2 ,0 ,0 ,0 ,0 ,0 ,0 ,0 ,0 ,0 ,1 ,0 ,0 ,0 ,0 ,0 ,0 ,0 ,0 ,0 ,0 ,0 ,0 ,0 ,0 ,0 ,880 ,0 ,0 ,463 ,0 ,0 ,0 ,0 ,0 ,0 ,0 ,0 ,0 ,0 ,0 ,0 ,0 ,0 ,0 ,0 ,0 ,0 ,0 ,0 ,7 ,0 ,0 ,0 ,0 ,0 ,0 ,276,   0 ,   0 ,0,0,0,0,0,0,0,0,0,0,0,0,0,0,0,0,0,0,0,0,0,0,0,0,0,0,0,0,0,0,0,0,0,0,0,0,0,13,0,0,0,0,13,0,0,0,1,0,0,0,0,0,0,0,1,0,0,0,0,0,0,0,0,0,0,0,6,0,0,0
ラオス,"6,935 ",0 ,0 ,0 ,0 ,0 ,0 ,124 ,0 ,0 ,2 ,0 ,0 ,0 ,0 ,0 ,0 ,0 ,0 ,0 ,0 ,0 ,0 ,0 ,0 ,0 ,0 ,0 ,0 ,0 ,0 ,0 ,0 ,"3,727 ",0 ,0 ,690 ,0 ,0 ,0 ,0 ,0 ,1 ,0 ,0 ,0 ,8 ,0 ,0 ,0 ,0 ,0 ,0 ,0 ,0 ,0 ,0 ,272 ,0 ,0 ,0 ,0 ,0 ,0 ,"1,685",   0 ,   0 ,3,0,0,0,0,0,0,0,0,0,0,0,0,0,0,0,6,0,0,0,0,0,0,0,0,0,0,0,0,0,0,0,0,0,0,0,2,383,0,0,0,0,8,0,0,0,0,0,0,0,0,0,0,0,0,0,0,0,0,0,0,0,0,0,0,0,24,0,0,0
レバノン,"1,196 ",0 ,0 ,0 ,0 ,0 ,0 ,1 ,0 ,0 ,0 ,0 ,0 ,0 ,0 ,0 ,0 ,1 ,0 ,0 ,0 ,0 ,0 ,0 ,0 ,0 ,0 ,0 ,0 ,0 ,0 ,0 ,0 ,555 ,0 ,0 ,408 ,0 ,0 ,0 ,0 ,0 ,0 ,0 ,0 ,0 ,0 ,0 ,0 ,0 ,0 ,0 ,0 ,0 ,0 ,0 ,0 ,3 ,0 ,0 ,0 ,0 ,0 ,0 ,214,   0 ,   0 ,0,0,0,0,0,0,0,0,0,0,0,0,0,0,0,0,0,0,0,0,0,0,0,0,0,0,0,0,0,0,0,0,0,0,0,0,2,11,0,0,0,0,0,0,0,0,0,0,0,0,0,0,0,0,0,0,0,0,0,0,0,0,0,0,0,0,1,0,0,0
ヨーロッパ,"1,764,823 ",10 ,579 ,300 ,0 ,0 ,0 ,"15,316 ",1 ,"1,025 ",76 ,195 ,60 ,160 ,0 ,2 ,4 ,317 ,0 ,0 ,293 ,0 ,0 ,0 ,6 ,21 ,1 ,0 ,0 ,0 ,1 ,9 ,0 ,"660,357 ",1 ,174 ,"750,994 ",0 ,11 ,0 ,0 ,7 ,643 ,1 ,2 ,106 ,16 ,67 ,"1,428 ",267 ,11 ,0 ,85 ,522 ,0 ,0 ,0 ,"14,062 ",27 ,1 ,1 ,0 ,34 ,947 ,"241,178",   3 ,   3 ,"1,083",1,3,0,1,0,92,756,0,112,3,0,2,0,0,76,741,2,1,27,281,0,1,2,0,3,"1,262",0,32,86,0,251,0,453,8,104,"6,621","36,115",194,23,2,227,"6,310",9,179,0,394,364,0,15,0,0,5,35,"2,503",594,0,0,3,"1,507",0,11,20,2,0,495,"14,120",368,0,0
アイスランド,"1,646 ",0 ,2 ,0 ,0 ,0 ,0 ,6 ,0 ,0 ,0 ,0 ,0 ,0 ,0 ,0 ,0 ,0 ,0 ,0 ,0 ,0 ,0 ,0 ,0 ,0 ,0 ,0 ,0 ,0 ,0 ,0 ,0 ,490 ,0 ,0 ,876 ,0 ,0 ,0 ,0 ,0 ,2 ,0 ,0 ,0 ,0 ,0 ,0 ,8 ,0 ,0 ,0 ,0 ,0 ,0 ,0 ,16 ,0 ,0 ,0 ,0 ,0 ,0 ,202,   0 ,   0 ,0,0,0,0,0,0,0,0,0,0,0,0,0,0,0,0,0,0,0,0,1,0,0,0,0,0,0,0,0,0,0,0,0,0,0,0,10,25,0,0,0,0,3,0,0,0,0,1,0,0,0,0,0,0,0,0,0,0,0,0,0,0,0,0,0,0,4,0,0,0
アイルランド,"23,800 ",0 ,4 ,9 ,0 ,0 ,0 ,221 ,0 ,15 ,0 ,7 ,0 ,4 ,0 ,0 ,0 ,3 ,0 ,0 ,3 ,0 ,0 ,0 ,0 ,0 ,0 ,0 ,0 ,0 ,0 ,0 ,0 ,"9,901 ",0 ,3 ,"9,747 ",0 ,1 ,0 ,0 ,0 ,12 ,0 ,0 ,0 ,0 ,0 ,41 ,2 ,0 ,0 ,0 ,0 ,0 ,0 ,0 ,149 ,1 ,0 ,0 ,0 ,0 ,12 ,"2,932",   0 ,   0 ,20,0,0,0,0,0,0,2,0,3,0,0,0,0,0,0,6,0,0,0,1,0,0,0,0,0,15,0,1,0,0,3,0,9,0,2,57,309,0,0,0,2,107,0,0,0,3,1,0,0,0,0,0,0,36,3,0,0,0,29,0,1,0,0,0,2,115,6,0,0
アゼルバイジャン,"1,308 ",0 ,0 ,0 ,0 ,0 ,0 ,4 ,0 ,3 ,0 ,0 ,0 ,0 ,0 ,0 ,0 ,0 ,0 ,0 ,0 ,0 ,0 ,0 ,0 ,0 ,0 ,0 ,0 ,0 ,0 ,0 ,0 ,599 ,0 ,0 ,564 ,0 ,0 ,0 ,0 ,0 ,0 ,0 ,0 ,0 ,0 ,0 ,0 ,0 ,0 ,0 ,0 ,0 ,0 ,0 ,0 ,0 ,0 ,0 ,0 ,0 ,0 ,0 ,113,   0 ,   0 ,0,0,0,0,0,0,0,0,0,0,0,0,0,0,0,0,0,0,0,0,0,0,0,0,0,0,0,0,0,0,0,0,0,0,0,0,0,14,0,0,0,0,2,0,0,0,0,0,0,0,0,0,0,0,4,0,0,0,0,0,0,0,0,0,0,0,5,0,0,0
アルバニア,717 ,0 ,0 ,0 ,0 ,0 ,0 ,0 ,0 ,0 ,0 ,0 ,0 ,0 ,0 ,0 ,0 ,0 ,0 ,0 ,0 ,0 ,0 ,0 ,0 ,0 ,0 ,0 ,0 ,0 ,0 ,0 ,0 ,330 ,0 ,0 ,329 ,0 ,0 ,0 ,0 ,0 ,0 ,0 ,0 ,0 ,0 ,0 ,1 ,0 ,0 ,0 ,0 ,0 ,0 ,0 ,0 ,1 ,0 ,0 ,0 ,0 ,0 ,0 ,39,   0 ,   0 ,0,0,0,0,0,0,0,0,0,0,0,0,0,0,0,0,0,0,0,0,0,0,0,0,0,0,0,0,0,0,0,0,0,0,0,0,0,15,0,0,0,0,0,0,0,0,0,0,0,0,0,0,0,0,0,0,0,0,0,0,0,0,0,0,0,0,2,0,0,0
アルメニア,591 ,0 ,0 ,0 ,0 ,0 ,0 ,0 ,0 ,0 ,0 ,0 ,0 ,0 ,0 ,0 ,0 ,0 ,0 ,0 ,0 ,0 ,0 ,0 ,0 ,0 ,0 ,0 ,0 ,0 ,0 ,0 ,0 ,215 ,0 ,0 ,287 ,0 ,0 ,0 ,0 ,0 ,0 ,0 ,0 ,0 ,0 ,0 ,0 ,0 ,0 ,0 ,0 ,0 ,0 ,0 ,0 ,0 ,0 ,0 ,0 ,0 ,0 ,0 ,68,   0 ,   0 ,10,0,0,0,0,0,0,0,0,0,0,0,0,0,0,0,0,0,0,0,0,0,0,0,0,0,0,0,0,0,0,0,0,0,0,0,0,6,0,0,0,0,0,0,0,0,0,0,0,0,0,0,0,0,0,0,0,0,0,0,0,0,0,0,0,0,5,0,0,0
アンドラ,220 ,0 ,0 ,0 ,0 ,0 ,0 ,0 ,0 ,0 ,0 ,0 ,0 ,0 ,0 ,0 ,0 ,0 ,0 ,0 ,0 ,0 ,0 ,0 ,0 ,0 ,0 ,0 ,0 ,0 ,0 ,0 ,0 ,96 ,0 ,0 ,77 ,0 ,0 ,0 ,0 ,0 ,0 ,0 ,0 ,0 ,0 ,0 ,0 ,0 ,0 ,0 ,0 ,0 ,0 ,0 ,0 ,0 ,0 ,0 ,0 ,0 ,0 ,0 ,46,   0 ,   0 ,0,0,0,0,0,0,0,0,0,0,0,0,0,0,0,0,0,0,0,0,0,0,0,0,0,0,0,0,0,0,0,0,0,0,0,0,0,1,0,0,0,0,0,0,0,0,0,0,0,0,0,0,0,0,0,0,0,0,0,0,0,0,0,0,0,0,0,0,0,0
イタリア,"155,033 ",0 ,12 ,5 ,0 ,0 ,0 ,383 ,0 ,66 ,1 ,3 ,0 ,5 ,0 ,1 ,0 ,21 ,0 ,0 ,11 ,0 ,0 ,0 ,0 ,1 ,0 ,0 ,0 ,0 ,0 ,0 ,0 ,"56,682 ",0 ,5 ,"75,950 ",0 ,3 ,0 ,0 ,7 ,94 ,0 ,0 ,21 ,0 ,0 ,30 ,13 ,0 ,0 ,5 ,0 ,0 ,0 ,0 ,561 ,0 ,0 ,0 ,0 ,0 ,21 ,"18,486",   0 ,   0 ,42,0,0,0,0,0,0,132,0,11,0,0,0,0,0,3,50,0,0,0,8,0,0,0,0,0,12,0,0,0,0,4,0,6,1,10,232,"1,301",0,4,0,3,99,1,17,0,2,35,0,1,0,0,0,14,147,2,0,0,0,16,0,0,1,0,0,12,478,2,0,0
ウクライナ,"7,351 ",0 ,1 ,0 ,0 ,0 ,0 ,29 ,0 ,2 ,0 ,0 ,0 ,0 ,0 ,0 ,0 ,5 ,0 ,0 ,2 ,0 ,0 ,0 ,0 ,0 ,0 ,0 ,0 ,0 ,0 ,0 ,0 ,"3,797 ",0 ,0 ,"2,218 ",0 ,0 ,0 ,0 ,0 ,15 ,0 ,0 ,0 ,0 ,0 ,0 ,1 ,0 ,0 ,0 ,0 ,0 ,0 ,0 ,66 ,0 ,0 ,0 ,0 ,0 ,1 ,908,   0 ,   0 ,10,0,0,0,0,0,0,2,0,0,0,0,0,0,0,0,20,0,0,0,1,0,0,0,0,0,2,0,0,0,0,1,0,0,0,1,10,199,0,0,0,1,21,0,0,0,0,3,0,0,0,0,0,0,4,1,0,0,0,0,0,0,0,0,0,2,28,0,0,0
ウズベキスタン,"8,624 ",0 ,0 ,0 ,0 ,0 ,0 ,70 ,0 ,1 ,0 ,0 ,0 ,3 ,0 ,0 ,0 ,1 ,0 ,0 ,6 ,0 ,0 ,0 ,0 ,0 ,0 ,0 ,0 ,0 ,0 ,0 ,0 ,"6,554 ",0 ,0 ,494 ,0 ,0 ,0 ,0 ,0 ,0 ,0 ,0 ,0 ,0 ,0 ,0 ,0 ,0 ,0 ,0 ,0 ,0 ,0 ,0 ,430 ,0 ,0 ,0 ,0 ,0 ,1 ,724,   0 ,   0 ,0,0,0,0,0,0,0,0,0,0,0,0,0,0,0,0,1,0,0,0,2,0,0,0,0,0,0,0,0,3,0,0,0,0,0,2,2,309,0,0,0,0,8,0,0,0,0,1,0,0,0,0,0,1,0,0,0,0,0,0,0,0,0,0,0,1,10,0,0,0
英国,"330,861 ",0 ,172 ,131 ,0 ,0 ,0 ,"5,952 ",0 ,397 ,11 ,126 ,0 ,76 ,0 ,0 ,1 ,39 ,0 ,0 ,131 ,0 ,0 ,0 ,0 ,0 ,0 ,0 ,0 ,0 ,0 ,0 ,0 ,"90,691 ",1 ,77 ,"166,465 ",0 ,6 ,0 ,0 ,0 ,215 ,0 ,2 ,5 ,4 ,0 ,959 ,8 ,0 ,0 ,15 ,0 ,0 ,0 ,0 ,"4,149 ",23 ,1 ,0 ,0 ,0 ,181 ,"40,221",   1 ,   3 ,447,0,0,0,1,0,30,229,0,20,0,0,0,0,0,50,85,0,1,26,26,0,1,0,0,0,403,0,26,21,0,88,0,187,0,9,745,"8,331",8,6,0,116,"3,528",3,43,0,128,42,0,2,0,0,0,3,"1,208",158,0,0,0,"1,126",0,3,1,2,0,39,"3,493",163,0,0
英国〔香港〕,"66,904 ",1 ,2 ,2 ,0 ,0 ,0 ,"2,469 ",0 ,4 ,40 ,1 ,0 ,14 ,0 ,0 ,0 ,12 ,0 ,0 ,0 ,0 ,0 ,0 ,0 ,3 ,0 ,0 ,0 ,0 ,0 ,0 ,0 ,"20,626 ",0 ,0 ,"13,209 ",0 ,0 ,0 ,0 ,0 ,6 ,0 ,0 ,3 ,0 ,0 ,1 ,5 ,0 ,0 ,2 ,0 ,0 ,0 ,0 ,"2,885 ",0 ,0 ,0 ,0 ,0 ,3 ,"16,411",   0 ,   0 ,8,0,0,0,0,0,32,1,0,6,0,0,0,0,0,0,12,0,0,0,6,0,0,0,0,0,479,0,0,1,0,1,0,1,0,2,54,"7,269",0,0,0,2,44,0,2,0,176,1,0,0,0,0,0,1,31,346,0,0,0,1,0,0,0,0,0,2,"2,721",6,0,0
エストニア,"3,546 ",0 ,0 ,2 ,0 ,0 ,0 ,12 ,0 ,0 ,0 ,0 ,0 ,0 ,0 ,0 ,0 ,2 ,0 ,0 ,0 ,0 ,0 ,0 ,0 ,0 ,0 ,0 ,0 ,0 ,0 ,0 ,0 ,"1,201 ",0 ,0 ,"1,867 ",0 ,0 ,0 ,0 ,0 ,0 ,0 ,0 ,0 ,0 ,0 ,0 ,0 ,0 ,0 ,0 ,0 ,0 ,0 ,0 ,13 ,0 ,0 ,0 ,0 ,0 ,1 ,358,   0 ,   0 ,0,0,0,0,0,0,0,0,0,0,0,0,0,0,0,0,0,0,0,0,0,0,0,0,0,0,0,0,0,0,0,0,0,0,0,0,10,53,0,0,0,0,5,0,0,0,0,0,0,0,0,0,0,0,0,0,0,0,2,1,0,0,0,0,0,0,19,0,0,0
オーストリア,"26,587 ",1 ,2 ,18 ,0 ,0 ,0 ,170 ,0 ,5 ,0 ,0 ,0 ,2 ,0 ,0 ,0 ,14 ,0 ,0 ,2 ,0 ,0 ,0 ,0 ,1 ,0 ,0 ,0 ,0 ,0 ,0 ,0 ,"13,115 ",0 ,0 ,"8,945 ",0 ,0 ,0 ,0 ,0 ,3 ,0 ,0 ,1 ,0 ,0 ,37 ,19 ,0 ,0 ,0 ,14 ,0 ,0 ,0 ,187 ,0 ,0 ,0 ,0 ,0 ,39 ,"3,020",   0 ,   0 ,19,0,0,0,0,0,0,6,0,1,0,0,0,0,0,0,24,0,0,0,2,0,0,0,0,0,5,0,0,2,0,0,0,4,0,1,124,452,7,0,0,11,53,0,4,0,1,0,0,1,0,0,0,0,10,2,0,0,0,11,0,0,1,0,0,22,213,16,0,0
オランダ,"75,242 ",0 ,64 ,24 ,0 ,0 ,0 ,554 ,0 ,7 ,1 ,2 ,0 ,2 ,0 ,0 ,0 ,15 ,0 ,0 ,21 ,0 ,0 ,0 ,1 ,2 ,0 ,0 ,0 ,0 ,0 ,0 ,0 ,"39,327 ",0 ,4 ,"19,015 ",0 ,0 ,0 ,0 ,0 ,29 ,0 ,0 ,0 ,0 ,0 ,26 ,24 ,0 ,0 ,0 ,0 ,0 ,0 ,0 ,461 ,0 ,0 ,0 ,0 ,0 ,38 ,"12,064",   0 ,   0 ,66,0,0,0,0,0,8,46,0,7,0,0,0,0,0,2,58,0,0,0,9,0,0,2,0,0,26,0,0,5,0,2,0,2,0,5,514,"1,873",5,2,1,33,143,0,9,0,6,9,0,0,0,0,0,0,120,12,0,0,0,104,0,1,2,0,0,10,477,2,0,0
カザフスタン,"8,685 ",0 ,2 ,0 ,0 ,0 ,0 ,51 ,0 ,15 ,0 ,0 ,0 ,2 ,0 ,0 ,0 ,3 ,0 ,0 ,17 ,0 ,0 ,0 ,0 ,1 ,0 ,0 ,0 ,0 ,0 ,0 ,0 ,"6,016 ",0 ,2 ,600 ,0 ,0 ,0 ,0 ,0 ,18 ,0 ,0 ,1 ,0 ,0 ,0 ,0 ,0 ,0 ,1 ,0 ,0 ,0 ,0 ,115 ,0 ,0 ,0 ,0 ,0 ,3 ,999,   0 ,   0 ,12,0,0,0,0,0,0,8,0,0,0,0,0,0,0,0,0,0,0,0,1,0,0,0,0,0,0,0,0,0,0,4,0,0,0,0,17,349,0,0,0,0,197,0,1,0,0,18,0,0,0,0,0,0,128,0,0,0,0,11,0,0,0,0,0,7,86,0,0,0
北マケドニア,758 ,0 ,0 ,0 ,0 ,0 ,0 ,0 ,0 ,0 ,0 ,0 ,0 ,0 ,0 ,0 ,0 ,0 ,0 ,0 ,0 ,0 ,0 ,0 ,0 ,0 ,0 ,0 ,0 ,0 ,0 ,0 ,0 ,455 ,0 ,0 ,249 ,0 ,0 ,0 ,0 ,0 ,0 ,0 ,0 ,0 ,0 ,0 ,0 ,0 ,0 ,0 ,0 ,0 ,0 ,0 ,0 ,1 ,0 ,0 ,0 ,0 ,0 ,0 ,44,   0 ,   0 ,0,0,0,0,0,0,0,0,0,0,0,0,0,0,0,0,0,0,0,0,0,0,0,0,0,0,0,0,0,0,0,0,0,0,0,0,1,3,0,0,0,0,0,0,0,0,0,0,0,0,0,0,0,0,0,0,0,0,0,0,0,0,0,0,0,1,4,0,0,0
ギリシャ,"10,140 ",0 ,0 ,3 ,0 ,0 ,0 ,23 ,0 ,4 ,0 ,0 ,0 ,0 ,0 ,0 ,0 ,3 ,0 ,0 ,2 ,0 ,0 ,0 ,0 ,0 ,0 ,0 ,0 ,0 ,0 ,0 ,0 ,"4,351 ",0 ,0 ,"3,877 ",0 ,0 ,0 ,0 ,0 ,5 ,0 ,0 ,0 ,0 ,0 ,1 ,2 ,0 ,0 ,0 ,0 ,0 ,0 ,0 ,48 ,0 ,0 ,0 ,0 ,0 ,1 ,"1,389",   0 ,   0 ,11,1,0,0,0,0,0,0,0,0,3,0,0,0,0,0,1,0,0,0,0,0,0,0,0,0,2,0,0,0,0,2,0,0,0,2,11,338,0,0,0,0,9,0,1,0,0,0,0,0,0,0,0,2,5,0,0,0,0,1,0,0,0,0,0,3,39,0,0,0
キルギス,"3,034 ",0 ,3 ,0 ,0 ,0 ,0 ,39 ,0 ,8 ,0 ,0 ,0 ,2 ,0 ,0 ,0 ,10 ,0 ,0 ,9 ,0 ,0 ,0 ,0 ,0 ,0 ,0 ,0 ,0 ,0 ,0 ,0 ,"1,773 ",0 ,0 ,327 ,0 ,0 ,0 ,0 ,0 ,17 ,0 ,0 ,0 ,0 ,0 ,0 ,0 ,0 ,0 ,0 ,0 ,0 ,0 ,0 ,61 ,0 ,0 ,0 ,0 ,0 ,0 ,489,   0 ,   0 ,0,0,0,0,0,0,0,0,0,0,0,0,0,0,0,0,0,0,0,0,1,0,0,0,0,0,0,0,0,0,0,0,0,0,0,0,0,83,0,0,0,0,86,0,0,0,0,23,0,0,0,0,0,6,42,0,0,0,0,0,0,0,0,0,0,0,55,0,0,0
クロアチア,"4,125 ",0 ,9 ,1 ,0 ,0 ,0 ,14 ,0 ,0 ,0 ,0 ,0 ,0 ,0 ,0 ,0 ,5 ,0 ,0 ,0 ,0 ,0 ,0 ,0 ,0 ,0 ,0 ,0 ,0 ,0 ,0 ,0 ,"2,031 ",0 ,0 ,"1,527 ",0 ,0 ,0 ,0 ,0 ,2 ,0 ,0 ,0 ,0 ,0 ,0 ,0 ,0 ,0 ,0 ,0 ,0 ,0 ,0 ,20 ,0 ,0 ,0 ,0 ,0 ,0 ,387,   1 ,   0 ,2,0,0,0,0,0,0,1,0,0,0,0,0,0,0,0,1,0,0,0,0,0,0,0,0,1,0,0,1,0,0,0,0,0,0,0,12,80,1,0,0,0,5,0,0,0,1,3,0,0,0,0,0,0,1,0,0,0,0,0,0,0,0,0,0,1,18,0,0,0
コソボ共和国,348 ,0 ,0 ,0 ,0 ,0 ,0 ,0 ,0 ,0 ,0 ,0 ,0 ,0 ,0 ,0 ,0 ,0 ,0 ,0 ,0 ,0 ,0 ,0 ,0 ,0 ,0 ,0 ,0 ,0 ,0 ,0 ,0 ,236 ,0 ,0 ,99 ,0 ,0 ,0 ,0 ,0 ,0 ,0 ,0 ,0 ,0 ,0 ,0 ,0 ,0 ,0 ,0 ,0 ,0 ,0 ,0 ,0 ,0 ,0 ,0 ,0 ,0 ,0 ,9,   0 ,   0 ,0,0,0,0,0,0,0,0,0,0,0,0,0,0,0,0,0,0,0,0,0,0,0,0,0,0,0,0,0,0,0,0,0,0,0,0,0,2,0,0,0,0,0,0,0,0,0,0,0,0,0,0,0,0,0,0,0,0,0,0,0,0,0,0,0,0,2,0,0,0
サンマリノ,92 ,0 ,0 ,0 ,0 ,0 ,0 ,0 ,0 ,0 ,0 ,0 ,0 ,0 ,0 ,0 ,0 ,0 ,0 ,0 ,0 ,0 ,0 ,0 ,0 ,0 ,0 ,0 ,0 ,0 ,0 ,0 ,0 ,39 ,0 ,0 ,43 ,0 ,0 ,0 ,0 ,0 ,0 ,0 ,0 ,0 ,0 ,0 ,0 ,0 ,0 ,0 ,0 ,0 ,0 ,0 ,0 ,1 ,0 ,0 ,0 ,0 ,0 ,0 ,8,   0 ,   0 ,0,0,0,0,0,0,0,0,0,0,0,0,0,0,0,0,0,0,0,0,0,0,0,0,0,0,0,0,0,0,0,0,0,0,0,0,0,1,0,0,0,0,0,0,0,0,0,0,0,0,0,0,0,0,0,0,0,0,0,0,0,0,0,0,0,0,0,0,0,0
ジョージア,"1,270 ",0 ,0 ,0 ,0 ,0 ,0 ,1 ,0 ,1 ,0 ,0 ,0 ,0 ,0 ,0 ,0 ,0 ,0 ,0 ,0 ,0 ,0 ,0 ,0 ,0 ,0 ,0 ,0 ,0 ,0 ,0 ,0 ,534 ,0 ,0 ,600 ,0 ,0 ,0 ,0 ,0 ,0 ,0 ,0 ,0 ,0 ,0 ,0 ,0 ,0 ,0 ,0 ,0 ,0 ,0 ,0 ,1 ,0 ,0 ,0 ,0 ,0 ,0 ,124,   0 ,   0 ,0,0,0,0,0,0,0,0,0,0,0,0,0,0,0,0,0,0,0,0,0,0,0,0,0,0,0,0,0,0,0,0,0,0,0,0,0,4,0,0,0,0,0,0,0,0,0,0,0,0,0,0,0,0,0,0,0,0,0,0,0,0,0,0,0,0,5,0,0,0
スイス,"54,104 ",0 ,7 ,7 ,0 ,0 ,0 ,319 ,0 ,16 ,0 ,4 ,0 ,0 ,0 ,0 ,1 ,7 ,0 ,0 ,8 ,0 ,0 ,0 ,1 ,0 ,0 ,0 ,0 ,0 ,0 ,0 ,0 ,"30,967 ",0 ,7 ,"14,914 ",0 ,0 ,0 ,0 ,0 ,6 ,1 ,0 ,0 ,0 ,0 ,62 ,4 ,0 ,0 ,5 ,32 ,0 ,0 ,0 ,175 ,0 ,0 ,0 ,0 ,0 ,44 ,"5,675",   0 ,   0 ,14,0,0,0,0,0,1,16,0,2,0,0,0,0,0,4,20,0,0,1,8,0,0,0,0,0,4,0,0,4,0,5,0,24,0,0,332,778,25,0,0,8,163,0,4,0,7,7,0,3,0,0,0,2,53,1,0,0,0,18,0,0,0,0,0,21,305,12,0,0
スウェーデン,"40,117 ",1 ,9 ,3 ,0 ,0 ,0 ,186 ,0 ,8 ,0 ,4 ,0 ,1 ,0 ,0 ,0 ,4 ,0 ,0 ,2 ,0 ,0 ,0 ,0 ,0 ,0 ,0 ,0 ,0 ,0 ,0 ,0 ,"13,349 ",0 ,0 ,"21,140 ",0 ,0 ,0 ,0 ,0 ,6 ,0 ,0 ,3 ,0 ,0 ,15 ,6 ,0 ,0 ,3 ,0 ,0 ,0 ,0 ,104 ,0 ,0 ,1 ,0 ,0 ,7 ,"4,197",   0 ,   0 ,6,0,1,0,0,0,0,6,0,1,0,0,0,0,0,0,17,0,0,0,10,0,0,0,0,0,3,0,0,3,0,0,0,7,0,3,288,421,0,1,0,0,29,0,6,0,2,2,0,0,0,0,0,0,17,2,0,0,0,14,0,0,0,0,0,0,228,1,0,0
スペイン,"117,345 ",0 ,13 ,1 ,0 ,0 ,0 ,208 ,0 ,39 ,2 ,1 ,0 ,6 ,0 ,0 ,0 ,6 ,0 ,0 ,12 ,0 ,0 ,0 ,0 ,0 ,0 ,0 ,0 ,0 ,0 ,0 ,0 ,"41,420 ",0 ,3 ,"52,118 ",0 ,0 ,0 ,0 ,0 ,13 ,0 ,0 ,1 ,0 ,0 ,34 ,2 ,0 ,0 ,3 ,0 ,0 ,0 ,0 ,410 ,0 ,0 ,0 ,0 ,0 ,26 ,"21,079",   0 ,   0 ,35,0,0,0,0,0,1,35,0,2,0,0,0,0,0,1,26,0,0,0,41,0,0,0,0,0,8,0,0,5,0,96,0,3,1,5,174,947,0,0,1,3,159,0,6,0,3,7,0,0,0,0,0,0,39,0,0,0,0,12,0,2,4,0,0,13,318,1,0,0
スロバキア,"5,813 ",0 ,0 ,0 ,0 ,0 ,0 ,67 ,0 ,0 ,0 ,0 ,0 ,0 ,0 ,0 ,0 ,2 ,0 ,0 ,1 ,0 ,0 ,0 ,0 ,0 ,0 ,0 ,0 ,0 ,0 ,0 ,0 ,"3,272 ",0 ,0 ,"1,441 ",0 ,0 ,0 ,0 ,0 ,4 ,0 ,0 ,1 ,0 ,0 ,0 ,2 ,0 ,0 ,0 ,0 ,0 ,0 ,0 ,36 ,0 ,0 ,0 ,0 ,0 ,0 ,690,   0 ,   0 ,5,0,0,0,0,0,0,4,0,0,0,0,0,0,0,0,2,0,0,0,0,0,0,0,0,0,0,0,0,9,0,0,0,0,0,1,12,171,0,0,0,0,3,0,0,0,2,2,0,0,0,0,0,0,0,0,0,0,0,0,0,0,0,0,0,0,86,0,0,0
スロベニア,"3,837 ",0 ,0 ,0 ,0 ,0 ,0 ,18 ,0 ,2 ,0 ,0 ,0 ,0 ,0 ,0 ,0 ,1 ,0 ,0 ,0 ,0 ,0 ,0 ,0 ,0 ,0 ,0 ,0 ,0 ,0 ,0 ,0 ,"1,869 ",0 ,0 ,"1,471 ",0 ,0 ,0 ,0 ,0 ,0 ,0 ,0 ,0 ,0 ,0 ,1 ,1 ,0 ,0 ,0 ,0 ,0 ,0 ,0 ,16 ,0 ,0 ,0 ,0 ,0 ,7 ,279,   0 ,   0 ,4,0,0,0,0,0,0,4,0,0,0,0,0,0,0,0,2,0,0,0,0,0,0,0,0,0,3,0,0,0,0,0,0,0,0,0,14,67,0,0,0,0,3,0,0,0,0,0,0,0,0,0,0,0,0,0,0,0,0,0,0,0,0,0,0,0,75,0,0,0
セルビア,"4,244 ",0 ,0 ,0 ,0 ,0 ,0 ,11 ,0 ,1 ,0 ,0 ,0 ,0 ,0 ,0 ,1 ,0 ,0 ,0 ,0 ,0 ,0 ,0 ,0 ,0 ,0 ,0 ,0 ,0 ,0 ,0 ,0 ,"2,761 ",0 ,0 ,"1,072 ",0 ,0 ,0 ,0 ,0 ,1 ,0 ,0 ,0 ,0 ,0 ,0 ,0 ,0 ,0 ,0 ,0 ,0 ,0 ,0 ,12 ,0 ,0 ,0 ,0 ,0 ,0 ,325,   0 ,   0 ,1,0,0,0,0,0,0,2,0,1,0,0,0,0,0,0,0,0,0,0,0,0,0,0,0,0,0,0,0,1,0,0,0,0,0,0,2,30,0,0,0,0,5,0,0,0,2,0,0,0,0,0,0,0,4,0,0,0,0,1,0,0,0,0,0,0,11,0,0,0
セルビア・モンテネグロ,1 ,0 ,0 ,0 ,0 ,0 ,0 ,0 ,0 ,0 ,0 ,0 ,0 ,0 ,0 ,0 ,0 ,0 ,0 ,0 ,0 ,0 ,0 ,0 ,0 ,0 ,0 ,0 ,0 ,0 ,0 ,0 ,0 ,1 ,0 ,0 ,0 ,0 ,0 ,0 ,0 ,0 ,0 ,0 ,0 ,0 ,0 ,0 ,0 ,0 ,0 ,0 ,0 ,0 ,0 ,0 ,0 ,0 ,0 ,0 ,0 ,0 ,0 ,0 ,0,   0 ,   0 ,0,0,0,0,0,0,0,0,0,0,0,0,0,0,0,0,0,0,0,0,0,0,0,0,0,0,0,0,0,0,0,0,0,0,0,0,0,0,0,0,0,0,0,0,0,0,0,0,0,0,0,0,0,0,0,0,0,0,0,0,0,0,0,0,0,0,0,0,0,0
タジキスタン,682 ,0 ,1 ,0 ,0 ,0 ,0 ,2 ,0 ,0 ,0 ,0 ,0 ,0 ,0 ,0 ,0 ,0 ,0 ,0 ,0 ,0 ,0 ,0 ,0 ,0 ,0 ,0 ,0 ,0 ,0 ,0 ,0 ,441 ,0 ,0 ,132 ,0 ,0 ,0 ,0 ,0 ,5 ,0 ,0 ,0 ,0 ,0 ,0 ,0 ,0 ,0 ,0 ,0 ,0 ,0 ,0 ,3 ,0 ,0 ,0 ,0 ,0 ,0 ,71,   0 ,   0 ,0,0,0,0,0,0,0,0,0,0,0,0,0,0,0,0,0,0,0,0,0,0,0,0,0,0,0,0,0,0,0,0,0,0,0,0,2,24,0,0,0,0,0,0,0,0,0,1,0,0,0,0,0,0,0,0,0,0,0,0,0,0,0,0,0,0,0,0,0,0
チェコ,"14,136 ",0 ,0 ,0 ,0 ,0 ,0 ,120 ,0 ,2 ,0 ,0 ,0 ,2 ,0 ,0 ,0 ,5 ,0 ,0 ,0 ,0 ,0 ,0 ,0 ,0 ,0 ,0 ,0 ,0 ,0 ,0 ,0 ,"7,340 ",0 ,1 ,"4,068 ",0 ,0 ,0 ,0 ,0 ,1 ,0 ,0 ,0 ,0 ,0 ,1 ,1 ,0 ,0 ,1 ,0 ,0 ,0 ,0 ,94 ,0 ,0 ,0 ,0 ,0 ,1 ,"1,898",   0 ,   0 ,7,0,0,0,0,0,0,4,0,2,0,0,0,0,0,1,18,0,0,0,0,0,0,0,0,0,3,0,0,1,0,0,0,4,0,1,57,306,0,0,0,0,3,0,4,0,2,2,0,0,0,0,0,1,2,0,0,0,0,2,0,0,0,0,0,0,180,1,0,0
デンマーク,"31,202 ",0 ,3 ,0 ,0 ,0 ,0 ,129 ,1 ,49 ,0 ,2 ,0 ,0 ,0 ,0 ,0 ,3 ,0 ,0 ,12 ,0 ,0 ,0 ,2 ,0 ,0 ,0 ,0 ,0 ,0 ,0 ,0 ,"11,297 ",0 ,1 ,"15,496 ",0 ,0 ,0 ,0 ,0 ,3 ,0 ,0 ,0 ,0 ,0 ,19 ,1 ,0 ,0 ,0 ,0 ,0 ,0 ,0 ,76 ,0 ,0 ,0 ,0 ,0 ,28 ,"3,345",   0 ,   0 ,21,0,0,0,0,0,0,4,0,2,0,0,0,0,0,0,11,0,0,0,5,0,0,0,0,0,6,0,0,4,0,0,0,4,0,0,225,270,1,0,0,2,13,0,3,0,0,0,0,0,0,0,0,0,26,0,0,0,0,6,0,1,0,0,0,2,129,0,0,0
ドイツ,"232,918 ",3 ,29 ,46 ,0 ,0 ,0 ,"1,094 ",0 ,54 ,3 ,28 ,0 ,8 ,0 ,1 ,0 ,46 ,0 ,0 ,26 ,0 ,0 ,0 ,0 ,2 ,0 ,0 ,0 ,0 ,1 ,0 ,0 ,"84,526 ",0 ,30 ,"109,636 ",0 ,0 ,0 ,0 ,0 ,37 ,0 ,0 ,56 ,5 ,0 ,108 ,78 ,0 ,0 ,17 ,473 ,0 ,0 ,0 ,"1,370 ",0 ,0 ,0 ,0 ,0 ,332 ,"25,845",   1 ,   0 ,92,0,0,0,0,0,0,73,0,11,0,0,0,0,0,10,209,0,0,0,37,0,0,0,0,0,107,0,2,11,0,17,0,16,1,16,"1,208","3,623",142,5,0,13,861,0,38,0,15,24,0,4,0,0,0,2,206,9,0,0,0,80,0,0,4,0,0,215,"1,869",143,0,0
トルクメニスタン,364 ,0 ,0 ,0 ,0 ,0 ,0 ,0 ,0 ,0 ,0 ,0 ,0 ,0 ,0 ,0 ,0 ,0 ,0 ,0 ,0 ,0 ,0 ,0 ,0 ,0 ,0 ,0 ,0 ,0 ,0 ,0 ,0 ,207 ,0 ,0 ,112 ,0 ,0 ,0 ,0 ,0 ,0 ,0 ,0 ,0 ,0 ,0 ,0 ,0 ,0 ,0 ,0 ,0 ,0 ,0 ,0 ,6 ,0 ,0 ,0 ,0 ,0 ,0 ,37,   0 ,   0 ,0,0,0,0,0,0,0,0,0,0,0,0,0,0,0,0,0,0,0,0,0,0,0,0,0,0,0,0,0,0,0,0,0,0,0,0,0,2,0,0,0,0,0,0,0,0,0,0,0,0,0,0,0,0,0,0,0,0,0,0,0,0,0,0,0,0,0,0,0,0
ノルウェー,"21,680 ",0 ,0 ,5 ,0 ,0 ,0 ,52 ,0 ,24 ,0 ,0 ,0 ,0 ,0 ,0 ,0 ,1 ,0 ,0 ,3 ,0 ,0 ,0 ,0 ,0 ,0 ,0 ,0 ,0 ,0 ,0 ,0 ,"7,083 ",0 ,0 ,"11,856 ",0 ,0 ,0 ,0 ,0 ,3 ,0 ,0 ,1 ,0 ,0 ,4 ,0 ,0 ,0 ,0 ,0 ,0 ,0 ,0 ,46 ,1 ,0 ,0 ,0 ,0 ,9 ,"2,086",   0 ,   0 ,10,0,0,0,0,0,0,0,0,1,0,0,0,0,0,0,2,0,0,0,3,0,0,0,0,0,0,0,0,1,0,0,0,31,0,1,98,246,0,0,0,0,25,0,0,0,0,0,0,0,0,0,0,0,14,1,0,0,0,4,0,0,0,0,0,1,67,1,0,0
バチカン,3 ,0 ,0 ,0 ,0 ,0 ,0 ,0 ,0 ,0 ,0 ,0 ,0 ,0 ,0 ,0 ,0 ,0 ,0 ,0 ,0 ,0 ,0 ,0 ,0 ,0 ,0 ,0 ,0 ,0 ,0 ,0 ,0 ,3 ,0 ,0 ,0 ,0 ,0 ,0 ,0 ,0 ,0 ,0 ,0 ,0 ,0 ,0 ,0 ,0 ,0 ,0 ,0 ,0 ,0 ,0 ,0 ,0 ,0 ,0 ,0 ,0 ,0 ,0 ,0,   0 ,   0 ,0,0,0,0,0,0,0,0,0,0,0,0,0,0,0,0,0,0,0,0,0,0,0,0,0,0,0,0,0,0,0,0,0,0,0,0,0,0,0,0,0,0,0,0,0,0,0,0,0,0,0,0,0,0,0,0,0,0,0,0,0,0,0,0,0,0,0,0,0,0
ハンガリー,"11,619 ",0 ,0 ,0 ,0 ,0 ,0 ,31 ,0 ,2 ,0 ,0 ,0 ,0 ,0 ,0 ,0 ,3 ,0 ,0 ,1 ,0 ,0 ,0 ,0 ,0 ,0 ,0 ,0 ,0 ,0 ,0 ,0 ,"5,244 ",0 ,4 ,"3,709 ",0 ,0 ,0 ,0 ,0 ,2 ,0 ,0 ,0 ,0 ,0 ,0 ,1 ,0 ,0 ,0 ,0 ,0 ,0 ,0 ,92 ,0 ,0 ,0 ,0 ,0 ,3 ,"1,941",   0 ,   0 ,5,0,0,0,0,0,0,1,0,0,0,0,0,0,0,1,8,0,0,0,2,0,0,0,0,0,4,0,0,1,0,1,0,2,0,11,110,260,0,0,0,0,14,0,0,0,1,22,0,0,0,0,0,3,12,1,0,0,0,3,0,0,0,0,0,0,124,0,0,0
フィンランド,"21,743 ",0 ,0 ,0 ,0 ,0 ,0 ,61 ,0 ,1 ,1 ,7 ,0 ,0 ,0 ,0 ,0 ,3 ,0 ,0 ,2 ,0 ,0 ,0 ,0 ,0 ,0 ,0 ,0 ,0 ,0 ,0 ,0 ,"6,266 ",0 ,1 ,"11,302 ",0 ,0 ,0 ,0 ,0 ,15 ,0 ,0 ,0 ,0 ,0 ,2 ,1 ,0 ,0 ,1 ,0 ,0 ,0 ,0 ,84 ,1 ,0 ,0 ,0 ,0 ,16 ,"3,486",   0 ,   0 ,2,0,0,0,0,0,0,11,0,1,0,0,0,0,0,0,10,0,0,0,2,0,0,0,0,0,7,0,0,0,0,1,0,0,0,0,83,199,2,0,0,0,10,1,4,0,0,0,0,0,0,0,0,0,5,1,0,0,0,2,0,0,0,0,0,2,148,2,0,0
フランス,"284,412 ",2 ,14 ,7 ,0 ,0 ,0 ,"1,707 ",0 ,86 ,3 ,5 ,0 ,0 ,0 ,0 ,1 ,65 ,0 ,0 ,3 ,0 ,0 ,0 ,1 ,8 ,0 ,0 ,0 ,0 ,0 ,8 ,0 ,"93,849 ",0 ,5 ,"133,551 ",0 ,1 ,0 ,0 ,0 ,35 ,0 ,0 ,0 ,2 ,0 ,24 ,20 ,0 ,0 ,16 ,1 ,0 ,0 ,0 ,"1,066 ",0 ,0 ,0 ,0 ,0 ,112 ,"45,957",   0 ,   0 ,40,0,2,0,0,0,0,36,0,27,0,0,0,0,0,2,93,0,0,0,38,0,0,0,0,0,46,0,1,6,0,7,0,108,5,21,"1,291","4,208",0,1,0,1,239,3,24,0,19,16,0,0,0,0,5,0,114,5,0,0,1,37,0,0,1,0,0,10,"1,451",5,0,0
ブルガリア,"6,611 ",0 ,0 ,0 ,0 ,0 ,0 ,17 ,0 ,5 ,1 ,0 ,0 ,12 ,0 ,0 ,0 ,1 ,0 ,0 ,0 ,0 ,0 ,0 ,0 ,0 ,0 ,0 ,0 ,0 ,0 ,0 ,0 ,"3,297 ",0 ,0 ,"2,263 ",0 ,0 ,0 ,0 ,0 ,5 ,0 ,0 ,0 ,0 ,0 ,8 ,0 ,0 ,0 ,0 ,0 ,0 ,0 ,0 ,29 ,0 ,0 ,0 ,0 ,0 ,6 ,760,   0 ,   0 ,10,0,0,0,0,0,0,1,0,0,0,0,0,0,0,0,3,0,0,0,0,0,0,0,0,0,0,0,0,0,0,0,0,0,0,0,11,110,0,0,0,0,10,0,0,0,0,30,0,0,0,0,0,0,15,0,0,0,0,1,0,0,0,0,0,0,16,0,0,0
ベラルーシ,"1,682 ",0 ,0 ,0 ,0 ,0 ,0 ,11 ,0 ,26 ,0 ,0 ,0 ,0 ,0 ,0 ,0 ,1 ,0 ,0 ,0 ,0 ,0 ,0 ,0 ,0 ,0 ,0 ,0 ,0 ,0 ,0 ,0 ,893 ,0 ,0 ,506 ,0 ,0 ,0 ,0 ,0 ,2 ,0 ,0 ,0 ,0 ,0 ,0 ,0 ,0 ,0 ,0 ,0 ,0 ,0 ,0 ,9 ,0 ,0 ,0 ,0 ,0 ,0 ,199,   0 ,   0 ,0,0,0,0,0,0,0,1,0,0,0,0,0,0,0,0,0,0,0,0,0,0,0,0,0,0,1,0,0,0,0,0,0,0,0,0,0,22,0,0,0,0,1,0,0,0,0,2,0,0,0,0,0,0,2,0,0,0,0,0,0,0,0,0,0,1,5,0,0,0
ベルギー,"34,925 ",1 ,10 ,9 ,0 ,0 ,0 ,161 ,0 ,23 ,1 ,3 ,0 ,0 ,0 ,0 ,0 ,3 ,0 ,0 ,9 ,0 ,0 ,0 ,0 ,1 ,0 ,0 ,0 ,0 ,0 ,0 ,0 ,"15,703 ",0 ,2 ,"13,251 ",0 ,0 ,0 ,0 ,0 ,3 ,0 ,0 ,2 ,0 ,0 ,22 ,45 ,0 ,0 ,0 ,0 ,0 ,0 ,0 ,169 ,0 ,0 ,0 ,0 ,0 ,20 ,"4,374",   0 ,   0 ,15,0,0,0,0,0,0,35,0,5,0,0,0,0,0,2,11,0,0,0,2,0,0,0,0,0,8,0,0,0,0,3,0,27,0,2,144,516,3,0,0,30,128,0,0,0,2,9,0,0,0,0,0,0,31,3,0,0,0,8,0,0,3,0,0,4,120,2,0,0
ポーランド,"41,350 ",0 ,4 ,21 ,0 ,0 ,0 ,114 ,0 ,12 ,1 ,2 ,0 ,0 ,0 ,0 ,0 ,7 ,0 ,0 ,1 ,0 ,0 ,0 ,1 ,0 ,0 ,0 ,0 ,0 ,0 ,1 ,0 ,"26,181 ",0 ,22 ,"9,954 ",0 ,0 ,0 ,0 ,0 ,13 ,0 ,0 ,0 ,1 ,0 ,7 ,2 ,0 ,0 ,13 ,0 ,0 ,0 ,0 ,151 ,0 ,0 ,0 ,0 ,0 ,16 ,"3,473",   0 ,   0 ,13,0,0,0,0,0,0,34,0,7,0,0,0,0,0,0,23,2,0,0,11,0,0,0,0,0,9,0,0,5,0,0,0,5,0,3,349,529,0,0,0,0,20,0,3,0,0,6,0,0,0,0,0,0,13,1,0,0,0,4,0,3,0,0,0,8,304,1,0,0
ボスニア・ヘルツェゴビナ,519 ,0 ,0 ,0 ,0 ,0 ,0 ,1 ,0 ,0 ,0 ,0 ,0 ,0 ,0 ,0 ,0 ,0 ,0 ,0 ,0 ,0 ,0 ,0 ,0 ,0 ,0 ,0 ,0 ,0 ,0 ,0 ,0 ,248 ,0 ,1 ,194 ,0 ,0 ,0 ,0 ,0 ,1 ,0 ,0 ,0 ,0 ,0 ,0 ,0 ,0 ,0 ,0 ,0 ,0 ,0 ,0 ,2 ,0 ,0 ,0 ,0 ,0 ,0 ,51,   0 ,   0 ,0,0,0,0,0,0,0,0,0,0,0,0,0,0,0,0,1,0,0,0,0,0,0,0,0,0,0,0,0,0,0,0,0,0,0,0,0,5,0,0,0,0,0,0,0,0,0,14,0,0,0,0,0,0,0,0,0,0,0,0,0,0,0,0,0,0,1,0,0,0
ポルトガル,"28,065 ",0 ,1 ,0 ,0 ,0 ,0 ,397 ,0 ,27 ,10 ,0 ,0 ,2 ,0 ,0 ,0 ,9 ,0 ,0 ,2 ,0 ,0 ,0 ,0 ,1 ,0 ,0 ,0 ,0 ,0 ,0 ,0 ,"9,711 ",0 ,1 ,"9,318 ",0 ,0 ,0 ,0 ,0 ,10 ,0 ,0 ,3 ,0 ,0 ,8 ,4 ,0 ,0 ,0 ,0 ,0 ,0 ,0 ,450 ,0 ,0 ,0 ,0 ,0 ,4 ,"6,169",   0 ,   0 ,44,0,0,0,0,0,20,1,0,1,0,0,0,0,0,0,7,0,0,0,14,0,0,0,0,0,97,0,0,0,0,4,0,3,0,0,47,"1,003",0,1,0,0,62,0,2,0,19,4,0,0,0,0,0,0,24,45,0,0,0,6,0,0,0,0,0,0,534,0,0,0
マルタ,"1,603 ",0 ,0 ,0 ,0 ,0 ,0 ,10 ,0 ,2 ,1 ,0 ,0 ,0 ,0 ,0 ,0 ,0 ,0 ,0 ,0 ,0 ,0 ,0 ,0 ,0 ,0 ,0 ,0 ,0 ,0 ,0 ,0 ,564 ,0 ,0 ,739 ,0 ,0 ,0 ,0 ,0 ,0 ,0 ,0 ,0 ,0 ,0 ,1 ,0 ,0 ,0 ,0 ,0 ,0 ,0 ,0 ,16 ,0 ,0 ,0 ,0 ,0 ,1 ,216,   0 ,   0 ,0,0,0,0,0,0,0,0,0,0,0,0,0,0,0,0,1,0,0,0,0,0,0,0,0,0,0,0,1,0,0,0,0,0,0,0,4,22,0,0,0,0,7,0,0,0,0,0,0,0,0,0,0,0,8,0,0,0,0,2,0,0,0,0,0,0,8,0,0,0
モナコ,118 ,0 ,0 ,0 ,0 ,0 ,0 ,0 ,0 ,0 ,0 ,0 ,0 ,0 ,0 ,0 ,0 ,0 ,0 ,0 ,0 ,0 ,0 ,0 ,0 ,0 ,0 ,0 ,0 ,0 ,0 ,0 ,0 ,31 ,0 ,0 ,58 ,0 ,0 ,0 ,0 ,0 ,0 ,0 ,0 ,0 ,0 ,0 ,0 ,0 ,0 ,0 ,0 ,0 ,0 ,0 ,0 ,1 ,0 ,0 ,0 ,0 ,0 ,0 ,23,   0 ,   0 ,0,0,0,0,0,0,0,0,0,0,0,0,0,0,0,0,0,0,0,0,0,0,0,0,0,0,0,0,0,0,0,0,0,0,0,0,2,1,0,0,0,0,2,0,0,0,0,0,0,0,0,0,0,0,0,0,0,0,0,0,0,0,0,0,0,0,0,0,0,0
モルドバ,381 ,0 ,0 ,0 ,0 ,0 ,0 ,0 ,0 ,0 ,0 ,0 ,0 ,0 ,0 ,0 ,0 ,0 ,0 ,0 ,0 ,0 ,0 ,0 ,0 ,0 ,0 ,0 ,0 ,0 ,0 ,0 ,0 ,186 ,0 ,0 ,163 ,0 ,0 ,0 ,0 ,0 ,0 ,0 ,0 ,0 ,0 ,0 ,0 ,0 ,0 ,0 ,0 ,0 ,0 ,0 ,0 ,1 ,0 ,0 ,0 ,0 ,0 ,0 ,18,   0 ,   0 ,0,0,0,0,0,0,0,0,0,0,0,0,0,0,0,0,0,0,0,0,0,0,0,0,0,0,0,0,0,0,0,0,0,0,0,0,0,11,0,0,0,0,0,0,0,0,0,1,0,0,0,0,0,0,0,0,0,0,0,0,0,0,0,0,0,0,1,0,0,0
モンテネグロ,249 ,0 ,0 ,0 ,0 ,0 ,0 ,0 ,0 ,0 ,0 ,0 ,0 ,0 ,0 ,0 ,0 ,0 ,0 ,0 ,0 ,0 ,0 ,0 ,0 ,0 ,0 ,0 ,0 ,0 ,0 ,0 ,0 ,152 ,0 ,0 ,70 ,0 ,0 ,0 ,0 ,0 ,0 ,0 ,0 ,0 ,0 ,0 ,0 ,0 ,0 ,0 ,0 ,0 ,0 ,0 ,0 ,1 ,0 ,0 ,0 ,0 ,0 ,0 ,22,   0 ,   0 ,0,0,0,0,0,0,0,0,0,0,0,0,0,0,0,0,0,0,0,0,0,0,0,0,0,2,0,0,0,0,0,0,0,0,0,0,0,2,0,0,0,0,0,0,0,0,0,0,0,0,0,0,0,0,0,0,0,0,0,0,0,0,0,0,0,0,0,0,0,0
ラトビア,"2,624 ",0 ,0 ,0 ,0 ,0 ,0 ,14 ,0 ,0 ,0 ,0 ,0 ,4 ,0 ,0 ,0 ,0 ,0 ,0 ,0 ,0 ,0 ,0 ,0 ,0 ,0 ,0 ,0 ,0 ,0 ,0 ,0 ,"1,022 ",0 ,0 ,"1,226 ",0 ,0 ,0 ,0 ,0 ,0 ,0 ,0 ,0 ,1 ,0 ,0 ,0 ,0 ,0 ,0 ,0 ,0 ,0 ,0 ,14 ,0 ,0 ,0 ,0 ,0 ,2 ,299,   0 ,   0 ,0,0,0,0,0,0,0,0,0,0,0,0,0,0,0,0,0,0,0,0,0,0,0,0,0,0,0,0,0,0,0,0,0,0,0,0,2,20,0,0,0,0,9,0,0,0,0,0,0,0,0,0,0,0,0,0,0,0,0,0,0,0,0,0,0,0,11,0,0,0
リトアニア,"6,343 ",0 ,0 ,0 ,0 ,0 ,0 ,30 ,0 ,4 ,0 ,0 ,0 ,1 ,0 ,0 ,0 ,1 ,0 ,0 ,2 ,0 ,0 ,0 ,0 ,0 ,0 ,0 ,0 ,0 ,0 ,0 ,0 ,"2,421 ",0 ,0 ,"2,767 ",0 ,0 ,0 ,0 ,0 ,0 ,0 ,0 ,0 ,0 ,0 ,1 ,3 ,0 ,0 ,0 ,0 ,0 ,0 ,0 ,27 ,0 ,0 ,0 ,0 ,0 ,1 ,795,   0 ,   0 ,1,0,0,0,0,0,0,0,0,0,0,0,0,0,0,0,6,0,0,0,0,0,0,0,0,0,0,0,0,3,0,0,0,0,0,0,89,128,0,2,0,0,7,0,0,0,0,0,0,3,0,0,0,0,12,1,0,0,0,0,0,0,0,0,0,0,38,0,0,0
リヒテンシュタイン,228 ,0 ,0 ,0 ,0 ,0 ,0 ,1 ,0 ,0 ,0 ,0 ,0 ,0 ,0 ,0 ,0 ,0 ,0 ,0 ,0 ,0 ,0 ,0 ,0 ,0 ,0 ,0 ,0 ,0 ,0 ,0 ,0 ,138 ,0 ,0 ,61 ,0 ,0 ,0 ,0 ,0 ,0 ,0 ,0 ,0 ,0 ,0 ,0 ,0 ,0 ,0 ,0 ,0 ,0 ,0 ,0 ,0 ,0 ,0 ,0 ,0 ,0 ,0 ,17,   0 ,   0 ,0,0,0,0,0,0,0,0,0,0,0,0,0,0,0,0,0,0,0,0,0,0,0,0,0,0,0,0,0,0,0,0,0,0,0,0,0,2,0,0,0,0,0,0,0,0,0,0,0,0,0,0,0,0,0,0,0,0,0,2,0,0,0,0,0,0,7,0,0,0
ルーマニア,"16,373 ",0 ,2 ,6 ,0 ,0 ,0 ,44 ,0 ,21 ,0 ,0 ,0 ,12 ,0 ,0 ,0 ,1 ,0 ,0 ,2 ,0 ,0 ,0 ,0 ,0 ,1 ,0 ,0 ,0 ,0 ,0 ,0 ,"7,830 ",0 ,5 ,"5,630 ",0 ,0 ,0 ,0 ,0 ,7 ,0 ,0 ,3 ,0 ,0 ,11 ,0 ,0 ,0 ,2 ,0 ,0 ,0 ,0 ,83 ,1 ,0 ,0 ,0 ,0 ,2 ,"1,889",   0 ,   0 ,32,0,0,0,0,0,0,14,0,0,0,0,0,0,0,0,4,0,0,0,45,0,0,0,0,0,5,0,0,0,0,1,0,6,0,0,131,420,0,1,0,0,63,1,2,0,0,12,0,1,0,0,0,0,16,0,0,0,0,0,0,0,0,0,0,5,60,2,0,0
ルクセンブルク,"2,543 ",0 ,0 ,0 ,0 ,0 ,0 ,5 ,0 ,0 ,0 ,0 ,0 ,0 ,0 ,0 ,0 ,0 ,0 ,0 ,0 ,0 ,0 ,0 ,0 ,0 ,0 ,0 ,0 ,0 ,0 ,0 ,0 ,889 ,0 ,0 ,"1,264 ",0 ,0 ,0 ,0 ,0 ,0 ,0 ,0 ,0 ,0 ,0 ,0 ,12 ,0 ,0 ,0 ,2 ,0 ,0 ,0 ,7 ,0 ,0 ,0 ,0 ,0 ,2 ,263,   0 ,   0 ,0,0,0,0,0,0,0,7,0,1,0,0,0,0,0,0,0,0,0,0,0,0,0,0,0,0,1,0,0,0,0,3,0,3,0,0,19,24,0,0,0,0,23,0,0,0,0,0,0,0,0,0,0,0,1,0,0,0,0,1,0,0,0,0,0,2,12,2,0,0
ロシア,"46,107 ",1 ,213 ,0 ,0 ,0 ,0 ,508 ,0 ,93 ,0 ,0 ,60 ,2 ,0 ,0 ,0 ,15 ,0 ,0 ,3 ,0 ,0 ,0 ,0 ,1 ,0 ,0 ,0 ,0 ,0 ,0 ,0 ,"22,137 ",0 ,0 ,"14,147 ",0 ,0 ,0 ,0 ,0 ,53 ,0 ,0 ,5 ,3 ,67 ,4 ,2 ,11 ,0 ,1 ,0 ,0 ,0 ,0 ,347 ,0 ,0 ,0 ,0 ,34 ,7 ,"6,658",   0 ,   0 ,79,0,0,0,0,0,0,40,0,0,0,0,2,0,0,0,9,0,0,0,5,0,0,0,0,0,6,0,0,0,0,8,0,1,0,6,128,731,0,0,0,2,141,0,6,0,3,66,0,0,0,0,0,0,153,0,0,0,0,4,0,0,3,0,0,109,233,0,0,0
アフリカ,"43,006 ",0 ,20 ,0 ,0 ,0 ,0 ,156 ,0 ,2 ,0 ,2 ,0 ,3 ,0 ,0 ,1 ,7 ,0 ,0 ,2 ,0 ,0 ,0 ,0 ,0 ,0 ,0 ,0 ,0 ,0 ,0 ,0 ,"24,358 ",0 ,6 ,"10,688 ",0 ,0 ,0 ,0 ,0 ,16 ,0 ,0 ,0 ,0 ,0 ,12 ,3 ,0 ,0 ,3 ,0 ,0 ,0 ,0 ,340 ,0 ,0 ,0 ,0 ,0 ,10 ,"5,815",   0 ,   0 ,17,0,0,0,0,0,0,11,0,1,0,0,0,0,0,0,13,0,0,0,2,0,0,0,0,0,3,0,0,0,0,11,0,1,0,0,33,"1,106",0,0,0,0,88,0,0,0,7,2,0,0,0,0,0,0,42,1,0,0,0,96,0,0,0,0,0,1,125,2,0,0
アルジェリア,"1,035 ",0 ,0 ,0 ,0 ,0 ,0 ,0 ,0 ,2 ,0 ,0 ,0 ,0 ,0 ,0 ,0 ,0 ,0 ,0 ,0 ,0 ,0 ,0 ,0 ,0 ,0 ,0 ,0 ,0 ,0 ,0 ,0 ,420 ,0 ,0 ,458 ,0 ,0 ,0 ,0 ,0 ,0 ,0 ,0 ,0 ,0 ,0 ,0 ,0 ,0 ,0 ,0 ,0 ,0 ,0 ,0 ,2 ,0 ,0 ,0 ,0 ,0 ,0 ,137,   0 ,   0 ,0,0,0,0,0,0,0,0,0,0,0,0,0,0,0,0,0,0,0,0,0,0,0,0,0,0,0,0,0,0,0,0,0,0,0,0,0,12,0,0,0,0,0,0,0,0,0,0,0,0,0,0,0,0,1,0,0,0,0,0,0,0,0,0,0,0,3,0,0,0
アンゴラ,398 ,0 ,0 ,0 ,0 ,0 ,0 ,1 ,0 ,0 ,0 ,0 ,0 ,0 ,0 ,0 ,0 ,0 ,0 ,0 ,0 ,0 ,0 ,0 ,0 ,0 ,0 ,0 ,0 ,0 ,0 ,0 ,0 ,179 ,0 ,0 ,199 ,0 ,0 ,0 ,0 ,0 ,0 ,0 ,0 ,0 ,0 ,0 ,0 ,0 ,0 ,0 ,0 ,0 ,0 ,0 ,0 ,3 ,0 ,0 ,0 ,0 ,0 ,0 ,12,   0 ,   0 ,0,0,0,0,0,0,0,0,0,0,0,0,0,0,0,0,0,0,0,0,0,0,0,0,0,0,0,0,0,0,0,0,0,0,0,0,0,4,0,0,0,0,0,0,0,0,0,0,0,0,0,0,0,0,0,0,0,0,0,0,0,0,0,0,0,0,0,0,0,0
ウガンダ,"1,071 ",0 ,0 ,0 ,0 ,0 ,0 ,6 ,0 ,0 ,0 ,1 ,0 ,0 ,0 ,0 ,0 ,0 ,0 ,0 ,0 ,0 ,0 ,0 ,0 ,0 ,0 ,0 ,0 ,0 ,0 ,0 ,0 ,669 ,0 ,0 ,134 ,0 ,0 ,0 ,0 ,0 ,0 ,0 ,0 ,0 ,0 ,0 ,0 ,0 ,0 ,0 ,0 ,0 ,0 ,0 ,0 ,16 ,0 ,0 ,0 ,0 ,0 ,0 ,189,   0 ,   0 ,0,0,0,0,0,0,0,0,0,0,0,0,0,0,0,0,0,0,0,0,0,0,0,0,0,0,0,0,0,0,0,0,0,0,0,0,0,55,0,0,0,0,0,0,0,0,0,0,0,0,0,0,0,0,0,0,0,0,0,0,0,0,0,0,0,0,1,0,0,0
エジプト,"5,288 ",0 ,0 ,0 ,0 ,0 ,0 ,10 ,0 ,0 ,0 ,0 ,0 ,0 ,0 ,0 ,0 ,0 ,0 ,0 ,0 ,0 ,0 ,0 ,0 ,0 ,0 ,0 ,0 ,0 ,0 ,0 ,0 ,"2,892 ",0 ,1 ,"1,290 ",0 ,0 ,0 ,0 ,0 ,0 ,0 ,0 ,0 ,0 ,0 ,0 ,0 ,0 ,0 ,0 ,0 ,0 ,0 ,0 ,23 ,0 ,0 ,0 ,0 ,0 ,2 ,"1,012",   0 ,   0 ,0,0,0,0,0,0,0,0,0,0,0,0,0,0,0,0,0,0,0,0,1,0,0,0,0,0,0,0,0,0,0,0,0,0,0,0,3,46,0,0,0,0,0,0,0,0,0,0,0,0,0,0,0,0,0,0,0,0,0,0,0,0,0,0,0,0,8,0,0,0
エスワティニ,71 ,0 ,0 ,0 ,0 ,0 ,0 ,0 ,0 ,0 ,0 ,0 ,0 ,0 ,0 ,0 ,0 ,0 ,0 ,0 ,0 ,0 ,0 ,0 ,0 ,0 ,0 ,0 ,0 ,0 ,0 ,0 ,0 ,41 ,0 ,0 ,4 ,0 ,0 ,0 ,0 ,0 ,0 ,0 ,0 ,0 ,0 ,0 ,0 ,0 ,0 ,0 ,0 ,0 ,0 ,0 ,0 ,0 ,0 ,0 ,0 ,0 ,0 ,0 ,15,   0 ,   0 ,0,0,0,0,0,0,0,0,0,0,0,0,0,0,0,0,0,0,0,0,0,0,0,0,0,0,0,0,0,0,0,0,0,0,0,0,0,9,0,0,0,0,1,0,0,0,0,0,0,0,0,0,0,0,0,0,0,0,0,0,0,0,0,0,0,0,1,0,0,0
エチオピア,"1,218 ",0 ,0 ,0 ,0 ,0 ,0 ,4 ,0 ,0 ,0 ,0 ,0 ,0 ,0 ,0 ,0 ,0 ,0 ,0 ,0 ,0 ,0 ,0 ,0 ,0 ,0 ,0 ,0 ,0 ,0 ,0 ,0 ,930 ,0 ,0 ,91 ,0 ,0 ,0 ,0 ,0 ,0 ,0 ,0 ,0 ,0 ,0 ,0 ,0 ,0 ,0 ,0 ,0 ,0 ,0 ,0 ,0 ,0 ,0 ,0 ,0 ,0 ,0 ,107,   0 ,   0 ,1,0,0,0,0,0,0,0,0,0,0,0,0,0,0,0,0,0,0,0,0,0,0,0,0,0,1,0,0,0,0,0,0,0,0,0,0,82,0,0,0,0,0,0,0,0,0,0,0,0,0,0,0,0,0,0,0,0,0,0,0,0,0,0,0,0,2,0,0,0
エリトリア,29 ,0 ,0 ,0 ,0 ,0 ,0 ,0 ,0 ,0 ,0 ,0 ,0 ,0 ,0 ,0 ,0 ,0 ,0 ,0 ,0 ,0 ,0 ,0 ,0 ,0 ,0 ,0 ,0 ,0 ,0 ,0 ,0 ,16 ,0 ,0 ,8 ,0 ,0 ,0 ,0 ,0 ,0 ,0 ,0 ,0 ,0 ,0 ,0 ,0 ,0 ,0 ,0 ,0 ,0 ,0 ,0 ,1 ,0 ,0 ,0 ,0 ,0 ,0 ,3,   0 ,   0 ,0,0,0,0,0,0,0,0,0,0,0,0,0,0,0,0,0,0,0,0,0,0,0,0,0,0,0,0,0,0,0,0,0,0,0,0,0,1,0,0,0,0,0,0,0,0,0,0,0,0,0,0,0,0,0,0,0,0,0,0,0,0,0,0,0,0,0,0,0,0
ガーナ,"2,024 ",0 ,0 ,0 ,0 ,0 ,0 ,4 ,0 ,0 ,0 ,0 ,0 ,0 ,0 ,0 ,0 ,2 ,0 ,0 ,0 ,0 ,0 ,0 ,0 ,0 ,0 ,0 ,0 ,0 ,0 ,0 ,0 ,"1,412 ",0 ,0 ,335 ,0 ,0 ,0 ,0 ,0 ,0 ,0 ,0 ,0 ,0 ,0 ,0 ,3 ,0 ,0 ,0 ,0 ,0 ,0 ,0 ,10 ,0 ,0 ,0 ,0 ,0 ,0 ,210,   0 ,   0 ,0,0,0,0,0,0,0,0,0,0,0,0,0,0,0,0,3,0,0,0,0,0,0,0,0,0,0,0,0,0,0,0,0,0,0,0,0,38,0,0,0,0,0,0,0,0,2,0,0,0,0,0,0,0,0,0,0,0,0,0,0,0,0,0,0,0,5,0,0,0
カーボベルデ,70 ,0 ,0 ,0 ,0 ,0 ,0 ,0 ,0 ,0 ,0 ,0 ,0 ,0 ,0 ,0 ,0 ,0 ,0 ,0 ,0 ,0 ,0 ,0 ,0 ,0 ,0 ,0 ,0 ,0 ,0 ,0 ,0 ,20 ,0 ,0 ,29 ,0 ,0 ,0 ,0 ,0 ,0 ,0 ,0 ,0 ,0 ,0 ,0 ,0 ,0 ,0 ,0 ,0 ,0 ,0 ,0 ,1 ,0 ,0 ,0 ,0 ,0 ,0 ,18,   0 ,   0 ,0,0,0,0,0,0,0,0,0,0,0,0,0,0,0,0,0,0,0,0,0,0,0,0,0,0,0,0,0,0,0,0,0,0,0,0,0,1,0,0,0,0,0,0,0,0,0,0,0,0,0,0,0,0,0,0,0,0,0,0,0,0,0,0,0,0,1,0,0,0
ガボン,91 ,0 ,0 ,0 ,0 ,0 ,0 ,0 ,0 ,0 ,0 ,0 ,0 ,0 ,0 ,0 ,0 ,0 ,0 ,0 ,0 ,0 ,0 ,0 ,0 ,0 ,0 ,0 ,0 ,0 ,0 ,0 ,0 ,34 ,0 ,0 ,34 ,0 ,0 ,0 ,0 ,0 ,0 ,0 ,0 ,0 ,0 ,0 ,0 ,0 ,0 ,0 ,0 ,0 ,0 ,0 ,0 ,0 ,0 ,0 ,0 ,0 ,0 ,0 ,19,   0 ,   0 ,0,0,0,0,0,0,0,0,0,0,0,0,0,0,0,0,0,0,0,0,0,0,0,0,0,0,0,0,0,0,0,0,0,0,0,0,0,4,0,0,0,0,0,0,0,0,0,0,0,0,0,0,0,0,0,0,0,0,0,0,0,0,0,0,0,0,0,0,0,0
カメルーン,934 ,0 ,0 ,0 ,0 ,0 ,0 ,0 ,0 ,0 ,0 ,0 ,0 ,0 ,0 ,0 ,0 ,0 ,0 ,0 ,0 ,0 ,0 ,0 ,0 ,0 ,0 ,0 ,0 ,0 ,0 ,0 ,0 ,685 ,0 ,0 ,168 ,0 ,0 ,0 ,0 ,0 ,0 ,0 ,0 ,0 ,0 ,0 ,0 ,0 ,0 ,0 ,0 ,0 ,0 ,0 ,0 ,2 ,0 ,0 ,0 ,0 ,0 ,0 ,54,   0 ,   0 ,0,0,0,0,0,0,0,0,0,0,0,0,0,0,0,0,0,0,0,0,0,0,0,0,0,0,0,0,0,0,0,0,0,0,0,0,0,23,0,0,0,0,1,0,0,0,0,0,0,0,0,0,0,0,0,0,0,0,0,0,0,0,0,0,0,0,1,0,0,0
ガンビア,161 ,0 ,0 ,0 ,0 ,0 ,0 ,0 ,0 ,0 ,0 ,0 ,0 ,0 ,0 ,0 ,0 ,0 ,0 ,0 ,0 ,0 ,0 ,0 ,0 ,0 ,0 ,0 ,0 ,0 ,0 ,0 ,0 ,79 ,0 ,0 ,47 ,0 ,0 ,0 ,0 ,0 ,0 ,0 ,0 ,0 ,0 ,0 ,0 ,0 ,0 ,0 ,0 ,0 ,0 ,0 ,0 ,3 ,0 ,0 ,0 ,0 ,0 ,0 ,25,   0 ,   0 ,0,0,0,0,0,0,0,0,0,0,0,0,0,0,0,0,1,0,0,0,0,0,0,0,0,0,0,0,0,0,0,0,0,0,0,0,0,4,0,0,0,0,0,0,0,0,1,0,0,0,0,0,0,0,0,0,0,0,0,0,0,0,0,0,0,0,1,0,0,0
ギニア,427 ,0 ,0 ,0 ,0 ,0 ,0 ,1 ,0 ,0 ,0 ,0 ,0 ,0 ,0 ,0 ,0 ,0 ,0 ,0 ,0 ,0 ,0 ,0 ,0 ,0 ,0 ,0 ,0 ,0 ,0 ,0 ,0 ,316 ,0 ,0 ,63 ,0 ,0 ,0 ,0 ,0 ,0 ,0 ,0 ,0 ,0 ,0 ,0 ,0 ,0 ,0 ,1 ,0 ,0 ,0 ,0 ,1 ,0 ,0 ,0 ,0 ,0 ,0 ,41,   0 ,   0 ,0,0,0,0,0,0,0,0,0,0,0,0,0,0,0,0,0,0,0,0,0,0,0,0,0,0,0,0,0,0,0,0,0,0,0,0,0,3,0,0,0,0,0,0,0,0,0,0,0,0,0,0,0,0,0,0,0,0,0,0,0,0,0,0,0,0,1,0,0,0
ギニアビサウ,17 ,0 ,0 ,0 ,0 ,0 ,0 ,0 ,0 ,0 ,0 ,0 ,0 ,0 ,0 ,0 ,0 ,0 ,0 ,0 ,0 ,0 ,0 ,0 ,0 ,0 ,0 ,0 ,0 ,0 ,0 ,0 ,0 ,6 ,0 ,0 ,8 ,0 ,0 ,0 ,0 ,0 ,0 ,0 ,0 ,0 ,0 ,0 ,0 ,0 ,0 ,0 ,0 ,0 ,0 ,0 ,0 ,0 ,0 ,0 ,0 ,0 ,0 ,0 ,3,   0 ,   0 ,0,0,0,0,0,0,0,0,0,0,0,0,0,0,0,0,0,0,0,0,0,0,0,0,0,0,0,0,0,0,0,0,0,0,0,0,0,0,0,0,0,0,0,0,0,0,0,0,0,0,0,0,0,0,0,0,0,0,0,0,0,0,0,0,0,0,0,0,0,0
ケニア,"2,141 ",0 ,0 ,0 ,0 ,0 ,0 ,5 ,0 ,0 ,0 ,0 ,0 ,0 ,0 ,0 ,0 ,0 ,0 ,0 ,0 ,0 ,0 ,0 ,0 ,0 ,0 ,0 ,0 ,0 ,0 ,0 ,0 ,"1,271 ",0 ,0 ,418 ,0 ,0 ,0 ,0 ,0 ,0 ,0 ,0 ,0 ,0 ,0 ,0 ,0 ,0 ,0 ,0 ,0 ,0 ,0 ,0 ,10 ,0 ,0 ,0 ,0 ,0 ,0 ,320,   0 ,   0 ,0,0,0,0,0,0,0,0,0,1,0,0,0,0,0,0,3,0,0,0,0,0,0,0,0,0,0,0,0,0,0,5,0,0,0,0,0,105,0,0,0,0,0,0,0,0,0,2,0,0,0,0,0,0,0,0,0,0,0,0,0,0,0,0,0,0,1,0,0,0
コートジボワール,455 ,0 ,0 ,0 ,0 ,0 ,0 ,0 ,0 ,0 ,0 ,0 ,0 ,0 ,0 ,0 ,0 ,0 ,0 ,0 ,0 ,0 ,0 ,0 ,0 ,0 ,0 ,0 ,0 ,0 ,0 ,0 ,0 ,262 ,0 ,0 ,140 ,0 ,0 ,0 ,0 ,0 ,0 ,0 ,0 ,0 ,0 ,0 ,0 ,0 ,0 ,0 ,0 ,0 ,0 ,0 ,0 ,8 ,0 ,0 ,0 ,0 ,0 ,0 ,43,   0 ,   0 ,0,0,0,0,0,0,0,0,0,0,0,0,0,0,0,0,0,0,0,0,0,0,0,0,0,0,0,0,0,0,0,0,0,0,0,0,0,1,0,0,0,0,0,0,0,0,0,0,0,0,0,0,0,0,0,0,0,0,0,0,0,0,0,0,0,0,1,0,0,0
コモロ,75 ,0 ,0 ,0 ,0 ,0 ,0 ,1 ,0 ,0 ,0 ,0 ,0 ,0 ,0 ,0 ,0 ,0 ,0 ,0 ,0 ,0 ,0 ,0 ,0 ,0 ,0 ,0 ,0 ,0 ,0 ,0 ,0 ,42 ,0 ,0 ,16 ,0 ,0 ,0 ,0 ,0 ,0 ,0 ,0 ,0 ,0 ,0 ,0 ,0 ,0 ,0 ,0 ,0 ,0 ,0 ,0 ,0 ,0 ,0 ,0 ,0 ,0 ,0 ,15,   0 ,   0 ,0,0,0,0,0,0,0,0,0,0,0,0,0,0,0,0,0,0,0,0,0,0,0,0,0,0,0,0,0,0,0,0,0,0,0,0,0,1,0,0,0,0,0,0,0,0,0,0,0,0,0,0,0,0,0,0,0,0,0,0,0,0,0,0,0,0,0,0,0,0
コンゴ共和国,95 ,0 ,0 ,0 ,0 ,0 ,0 ,0 ,0 ,0 ,0 ,0 ,0 ,0 ,0 ,0 ,0 ,0 ,0 ,0 ,0 ,0 ,0 ,0 ,0 ,0 ,0 ,0 ,0 ,0 ,0 ,0 ,0 ,52 ,0 ,0 ,29 ,0 ,0 ,0 ,0 ,0 ,0 ,0 ,0 ,0 ,0 ,0 ,0 ,0 ,0 ,0 ,0 ,0 ,0 ,0 ,0 ,0 ,0 ,0 ,0 ,0 ,0 ,0 ,10,   0 ,   0 ,0,0,0,0,0,0,0,0,0,0,0,0,0,0,0,0,0,0,0,0,0,0,0,0,0,0,0,0,0,0,0,0,0,0,0,0,0,4,0,0,0,0,0,0,0,0,0,0,0,0,0,0,0,0,0,0,0,0,0,0,0,0,0,0,0,0,0,0,0,0
コンゴ民主共和国,680 ,0 ,0 ,0 ,0 ,0 ,0 ,1 ,0 ,0 ,0 ,0 ,0 ,0 ,0 ,0 ,0 ,0 ,0 ,0 ,0 ,0 ,0 ,0 ,0 ,0 ,0 ,0 ,0 ,0 ,0 ,0 ,0 ,483 ,0 ,0 ,106 ,0 ,0 ,0 ,0 ,0 ,0 ,0 ,0 ,0 ,0 ,0 ,0 ,0 ,0 ,0 ,0 ,0 ,0 ,0 ,0 ,6 ,0 ,0 ,0 ,0 ,0 ,0 ,71,   0 ,   0 ,0,0,0,0,0,0,0,0,0,0,0,0,0,0,0,0,1,0,0,0,0,0,0,0,0,0,1,0,0,0,0,0,0,0,0,0,0,8,0,0,0,0,0,0,0,0,0,0,0,0,0,0,0,0,0,0,0,0,0,0,0,0,0,0,0,0,3,0,0,0
サントメ・プリンシペ,3 ,0 ,0 ,0 ,0 ,0 ,0 ,0 ,0 ,0 ,0 ,0 ,0 ,0 ,0 ,0 ,0 ,0 ,0 ,0 ,0 ,0 ,0 ,0 ,0 ,0 ,0 ,0 ,0 ,0 ,0 ,0 ,0 ,0 ,0 ,0 ,1 ,0 ,0 ,0 ,0 ,0 ,0 ,0 ,0 ,0 ,0 ,0 ,0 ,0 ,0 ,0 ,0 ,0 ,0 ,0 ,0 ,0 ,0 ,0 ,0 ,0 ,0 ,0 ,1,   0 ,   0 ,0,0,0,0,0,0,0,0,0,0,0,0,0,0,0,0,0,0,0,0,0,0,0,0,0,0,0,0,0,0,0,0,0,0,0,0,0,1,0,0,0,0,0,0,0,0,0,0,0,0,0,0,0,0,0,0,0,0,0,0,0,0,0,0,0,0,0,0,0,0
ザンビア,550 ,0 ,0 ,0 ,0 ,0 ,0 ,4 ,0 ,0 ,0 ,0 ,0 ,0 ,0 ,0 ,0 ,0 ,0 ,0 ,0 ,0 ,0 ,0 ,0 ,0 ,0 ,0 ,0 ,0 ,0 ,0 ,0 ,357 ,0 ,0 ,75 ,0 ,0 ,0 ,0 ,0 ,0 ,0 ,0 ,0 ,0 ,0 ,0 ,0 ,0 ,0 ,0 ,0 ,0 ,0 ,0 ,3 ,0 ,0 ,0 ,0 ,0 ,0 ,100,   0 ,   0 ,0,0,0,0,0,0,0,0,0,0,0,0,0,0,0,0,0,0,0,0,0,0,0,0,0,0,0,0,0,0,0,0,0,0,0,0,0,11,0,0,0,0,0,0,0,0,0,0,0,0,0,0,0,0,0,0,0,0,0,0,0,0,0,0,0,0,0,0,0,0
シエラレオネ,99 ,0 ,0 ,0 ,0 ,0 ,0 ,0 ,0 ,0 ,0 ,0 ,0 ,0 ,0 ,0 ,0 ,0 ,0 ,0 ,0 ,0 ,0 ,0 ,0 ,0 ,0 ,0 ,0 ,0 ,0 ,0 ,0 ,70 ,0 ,0 ,19 ,0 ,0 ,0 ,0 ,0 ,0 ,0 ,0 ,0 ,0 ,0 ,0 ,0 ,0 ,0 ,0 ,0 ,0 ,0 ,0 ,0 ,0 ,0 ,0 ,0 ,0 ,0 ,6,   0 ,   0 ,0,0,0,0,0,0,0,0,0,0,0,0,0,0,0,0,0,0,0,0,0,0,0,0,0,0,0,0,0,0,0,0,0,0,0,0,0,4,0,0,0,0,0,0,0,0,0,0,0,0,0,0,0,0,0,0,0,0,0,0,0,0,0,0,0,0,0,0,0,0
ジブチ,112 ,0 ,0 ,0 ,0 ,0 ,0 ,0 ,0 ,0 ,0 ,0 ,0 ,0 ,0 ,0 ,0 ,0 ,0 ,0 ,0 ,0 ,0 ,0 ,0 ,0 ,0 ,0 ,0 ,0 ,0 ,0 ,0 ,69 ,0 ,0 ,15 ,0 ,0 ,0 ,0 ,0 ,0 ,0 ,0 ,0 ,0 ,0 ,0 ,0 ,0 ,0 ,0 ,0 ,0 ,0 ,0 ,1 ,0 ,0 ,0 ,0 ,0 ,0 ,20,   0 ,   0 ,0,0,0,0,0,0,0,0,0,0,0,0,0,0,0,0,0,0,0,0,0,0,0,0,0,0,0,0,0,0,0,0,0,0,0,0,0,7,0,0,0,0,0,0,0,0,0,0,0,0,0,0,0,0,0,0,0,0,0,0,0,0,0,0,0,0,0,0,0,0
ジンバブエ,640 ,0 ,0 ,0 ,0 ,0 ,0 ,3 ,0 ,0 ,0 ,0 ,0 ,0 ,0 ,0 ,0 ,0 ,0 ,0 ,0 ,0 ,0 ,0 ,0 ,0 ,0 ,0 ,0 ,0 ,0 ,0 ,0 ,383 ,0 ,0 ,148 ,0 ,0 ,0 ,0 ,0 ,0 ,0 ,0 ,0 ,0 ,0 ,0 ,0 ,0 ,0 ,0 ,0 ,0 ,0 ,0 ,4 ,0 ,0 ,0 ,0 ,0 ,0 ,78,   0 ,   0 ,0,0,0,0,0,0,0,0,0,0,0,0,0,0,0,0,0,0,0,0,0,0,0,0,0,0,0,0,0,0,0,0,0,0,0,0,0,24,0,0,0,0,0,0,0,0,0,0,0,0,0,0,0,0,0,0,0,0,0,0,0,0,0,0,0,0,0,0,0,0
スーダン,427 ,0 ,0 ,0 ,0 ,0 ,0 ,0 ,0 ,0 ,0 ,0 ,0 ,0 ,0 ,0 ,0 ,0 ,0 ,0 ,0 ,0 ,0 ,0 ,0 ,0 ,0 ,0 ,0 ,0 ,0 ,0 ,0 ,216 ,0 ,0 ,111 ,0 ,0 ,0 ,0 ,0 ,0 ,0 ,0 ,0 ,0 ,0 ,0 ,0 ,0 ,0 ,0 ,0 ,0 ,0 ,0 ,4 ,0 ,0 ,0 ,0 ,0 ,0 ,89,   0 ,   0 ,0,0,0,0,0,0,0,0,0,0,0,0,0,0,0,0,0,0,0,0,0,0,0,0,0,0,0,0,0,0,0,0,0,0,0,0,0,6,0,0,0,0,0,0,0,0,1,0,0,0,0,0,0,0,0,0,0,0,0,0,0,0,0,0,0,0,0,0,0,0
セーシェル,77 ,0 ,0 ,0 ,0 ,0 ,0 ,0 ,0 ,0 ,0 ,0 ,0 ,0 ,0 ,0 ,0 ,0 ,0 ,0 ,0 ,0 ,0 ,0 ,0 ,0 ,0 ,0 ,0 ,0 ,0 ,0 ,0 ,42 ,0 ,0 ,20 ,0 ,0 ,0 ,0 ,0 ,0 ,0 ,0 ,0 ,0 ,0 ,0 ,0 ,0 ,0 ,0 ,0 ,0 ,0 ,0 ,3 ,0 ,0 ,0 ,0 ,0 ,0 ,8,   0 ,   0 ,0,0,0,0,0,0,0,0,0,0,0,0,0,0,0,0,0,0,0,0,0,0,0,0,0,0,0,0,0,0,0,0,0,0,0,0,0,2,0,0,0,0,2,0,0,0,0,0,0,0,0,0,0,0,0,0,0,0,0,0,0,0,0,0,0,0,0,0,0,0
赤道ギニア,8 ,0 ,0 ,0 ,0 ,0 ,0 ,0 ,0 ,0 ,0 ,0 ,0 ,0 ,0 ,0 ,0 ,0 ,0 ,0 ,0 ,0 ,0 ,0 ,0 ,0 ,0 ,0 ,0 ,0 ,0 ,0 ,0 ,5 ,0 ,0 ,0 ,0 ,0 ,0 ,0 ,0 ,0 ,0 ,0 ,0 ,0 ,0 ,0 ,0 ,0 ,0 ,0 ,0 ,0 ,0 ,0 ,0 ,0 ,0 ,0 ,0 ,0 ,0 ,3,   0 ,   0 ,0,0,0,0,0,0,0,0,0,0,0,0,0,0,0,0,0,0,0,0,0,0,0,0,0,0,0,0,0,0,0,0,0,0,0,0,0,0,0,0,0,0,0,0,0,0,0,0,0,0,0,0,0,0,0,0,0,0,0,0,0,0,0,0,0,0,0,0,0,0
セネガル,907 ,0 ,0 ,0 ,0 ,0 ,0 ,1 ,0 ,0 ,0 ,0 ,0 ,0 ,0 ,0 ,0 ,0 ,0 ,0 ,0 ,0 ,0 ,0 ,0 ,0 ,0 ,0 ,0 ,0 ,0 ,0 ,0 ,576 ,0 ,0 ,228 ,0 ,0 ,0 ,0 ,0 ,0 ,0 ,0 ,0 ,0 ,0 ,0 ,0 ,0 ,0 ,0 ,0 ,0 ,0 ,0 ,5 ,0 ,0 ,0 ,0 ,0 ,0 ,68,   0 ,   0 ,0,0,0,0,0,0,0,0,0,0,0,0,0,0,0,0,0,0,0,0,0,0,0,0,0,0,0,0,0,0,0,0,0,1,0,0,0,28,0,0,0,0,0,0,0,0,0,0,0,0,0,0,0,0,0,0,0,0,0,0,0,0,0,0,0,0,0,0,0,0
ソマリア,77 ,0 ,0 ,0 ,0 ,0 ,0 ,0 ,0 ,0 ,0 ,0 ,0 ,0 ,0 ,0 ,0 ,0 ,0 ,0 ,0 ,0 ,0 ,0 ,0 ,0 ,0 ,0 ,0 ,0 ,0 ,0 ,0 ,57 ,0 ,0 ,10 ,0 ,0 ,0 ,0 ,0 ,0 ,0 ,0 ,0 ,0 ,0 ,0 ,0 ,0 ,0 ,0 ,0 ,0 ,0 ,0 ,0 ,0 ,0 ,0 ,0 ,0 ,0 ,5,   0 ,   0 ,0,0,0,0,0,0,0,0,0,0,0,0,0,0,0,0,0,0,0,0,0,0,0,0,0,0,0,0,0,0,0,0,0,0,0,0,0,5,0,0,0,0,0,0,0,0,0,0,0,0,0,0,0,0,0,0,0,0,0,0,0,0,0,0,0,0,0,0,0,0
タンザニア,"1,016 ",0 ,0 ,0 ,0 ,0 ,0 ,3 ,0 ,0 ,0 ,0 ,0 ,0 ,0 ,0 ,0 ,0 ,0 ,0 ,0 ,0 ,0 ,0 ,0 ,0 ,0 ,0 ,0 ,0 ,0 ,0 ,0 ,657 ,0 ,0 ,144 ,0 ,0 ,0 ,0 ,0 ,0 ,0 ,0 ,0 ,0 ,0 ,0 ,0 ,0 ,0 ,0 ,0 ,0 ,0 ,0 ,5 ,0 ,0 ,0 ,0 ,0 ,0 ,164,   0 ,   0 ,1,0,0,0,0,0,0,0,0,0,0,0,0,0,0,0,0,0,0,0,0,0,0,0,0,0,0,0,0,0,0,0,0,0,0,0,0,38,0,0,0,0,0,0,0,0,0,0,0,0,0,0,0,0,0,0,0,0,0,0,0,0,0,0,0,0,4,0,0,0
チャド,28 ,0 ,0 ,0 ,0 ,0 ,0 ,0 ,0 ,0 ,0 ,0 ,0 ,0 ,0 ,0 ,0 ,0 ,0 ,0 ,0 ,0 ,0 ,0 ,0 ,0 ,0 ,0 ,0 ,0 ,0 ,0 ,0 ,16 ,0 ,0 ,8 ,0 ,0 ,0 ,0 ,0 ,0 ,0 ,0 ,0 ,0 ,0 ,0 ,0 ,0 ,0 ,0 ,0 ,0 ,0 ,0 ,0 ,0 ,0 ,0 ,0 ,0 ,0 ,3,   0 ,   0 ,0,0,0,0,0,0,0,0,0,0,0,0,0,0,0,0,0,0,0,0,0,0,0,0,0,0,0,0,0,0,0,0,0,0,0,0,0,1,0,0,0,0,0,0,0,0,0,0,0,0,0,0,0,0,0,0,0,0,0,0,0,0,0,0,0,0,0,0,0,0
中央アフリカ,30 ,0 ,0 ,0 ,0 ,0 ,0 ,0 ,0 ,0 ,0 ,0 ,0 ,0 ,0 ,0 ,0 ,0 ,0 ,0 ,0 ,0 ,0 ,0 ,0 ,0 ,0 ,0 ,0 ,0 ,0 ,0 ,0 ,14 ,0 ,0 ,4 ,0 ,0 ,0 ,0 ,0 ,0 ,0 ,0 ,0 ,0 ,0 ,0 ,0 ,0 ,0 ,0 ,0 ,0 ,0 ,0 ,0 ,0 ,0 ,0 ,0 ,0 ,0 ,9,   0 ,   0 ,0,0,0,0,0,0,0,0,0,0,0,0,0,0,0,0,0,0,0,0,0,0,0,0,0,0,0,0,0,0,0,0,0,0,0,0,0,2,0,0,0,0,0,0,0,0,0,0,0,0,0,0,0,0,0,0,0,0,0,0,0,0,0,0,0,0,1,0,0,0
チュニジア,"2,868 ",0 ,0 ,0 ,0 ,0 ,0 ,2 ,0 ,0 ,0 ,0 ,0 ,0 ,0 ,0 ,0 ,0 ,0 ,0 ,0 ,0 ,0 ,0 ,0 ,0 ,0 ,0 ,0 ,0 ,0 ,0 ,0 ,"1,288 ",0 ,0 ,"1,018 ",0 ,0 ,0 ,0 ,0 ,0 ,0 ,0 ,0 ,0 ,0 ,1 ,0 ,0 ,0 ,1 ,0 ,0 ,0 ,0 ,8 ,0 ,0 ,0 ,0 ,0 ,2 ,466,   0 ,   0 ,0,0,0,0,0,0,0,0,0,0,0,0,0,0,0,0,1,0,0,0,0,0,0,0,0,0,0,0,0,0,0,0,0,0,0,0,14,51,0,0,0,0,4,0,0,0,1,0,0,0,0,0,0,0,0,0,0,0,0,0,0,0,0,0,0,0,11,0,0,0
トーゴ,115 ,0 ,0 ,0 ,0 ,0 ,0 ,0 ,0 ,0 ,0 ,0 ,0 ,0 ,0 ,0 ,0 ,0 ,0 ,0 ,0 ,0 ,0 ,0 ,0 ,0 ,0 ,0 ,0 ,0 ,0 ,0 ,0 ,62 ,0 ,0 ,24 ,0 ,0 ,0 ,0 ,0 ,0 ,0 ,0 ,0 ,0 ,0 ,0 ,0 ,0 ,0 ,0 ,0 ,0 ,0 ,0 ,0 ,0 ,0 ,0 ,0 ,0 ,0 ,21,   0 ,   0 ,0,0,0,0,0,0,0,0,0,0,0,0,0,0,0,0,0,0,0,0,0,0,0,0,0,0,0,0,0,0,0,0,0,0,0,0,0,6,0,0,0,0,0,0,0,0,0,0,0,0,0,0,0,0,0,0,0,0,0,0,0,0,0,0,0,0,2,0,0,0
ナイジェリア,"3,168 ",0 ,0 ,0 ,0 ,0 ,0 ,1 ,0 ,0 ,0 ,0 ,0 ,0 ,0 ,0 ,0 ,1 ,0 ,0 ,0 ,0 ,0 ,0 ,0 ,0 ,0 ,0 ,0 ,0 ,0 ,0 ,0 ,"2,170 ",0 ,0 ,693 ,0 ,0 ,0 ,0 ,0 ,0 ,0 ,0 ,0 ,0 ,0 ,0 ,0 ,0 ,0 ,1 ,0 ,0 ,0 ,0 ,20 ,0 ,0 ,0 ,0 ,0 ,0 ,226,   0 ,   0 ,0,0,0,0,0,0,0,0,0,0,0,0,0,0,0,0,0,0,0,0,0,0,0,0,0,0,0,0,0,0,0,0,0,0,0,0,0,42,0,0,0,0,0,0,0,0,1,0,0,0,0,0,0,0,0,0,0,0,0,0,0,0,0,0,0,0,13,0,0,0
ナミビア,214 ,0 ,0 ,0 ,0 ,0 ,0 ,0 ,0 ,0 ,0 ,0 ,0 ,0 ,0 ,0 ,0 ,0 ,0 ,0 ,0 ,0 ,0 ,0 ,0 ,0 ,0 ,0 ,0 ,0 ,0 ,0 ,0 ,165 ,0 ,0 ,24 ,0 ,0 ,0 ,0 ,0 ,0 ,0 ,0 ,0 ,0 ,0 ,0 ,0 ,0 ,0 ,0 ,0 ,0 ,0 ,0 ,0 ,0 ,0 ,0 ,0 ,0 ,0 ,12,   0 ,   0 ,0,0,0,0,0,0,0,0,0,0,0,0,0,0,0,0,0,0,0,0,0,0,0,0,0,0,0,0,0,0,0,0,0,0,0,0,0,9,0,0,0,0,2,0,0,0,0,0,0,0,0,0,0,0,0,0,0,0,0,2,0,0,0,0,0,0,0,0,0,0
ニジェール,43 ,0 ,0 ,0 ,0 ,0 ,0 ,0 ,0 ,0 ,0 ,0 ,0 ,0 ,0 ,0 ,0 ,0 ,0 ,0 ,0 ,0 ,0 ,0 ,0 ,0 ,0 ,0 ,0 ,0 ,0 ,0 ,0 ,27 ,0 ,0 ,5 ,0 ,0 ,0 ,0 ,0 ,0 ,0 ,0 ,0 ,0 ,0 ,0 ,0 ,0 ,0 ,0 ,0 ,0 ,0 ,0 ,0 ,0 ,0 ,0 ,0 ,0 ,0 ,7,   0 ,   0 ,0,0,0,0,0,0,0,0,0,0,0,0,0,0,0,0,0,0,0,0,0,0,0,0,0,0,0,0,0,0,0,0,0,0,0,0,0,4,0,0,0,0,0,0,0,0,0,0,0,0,0,0,0,0,0,0,0,0,0,0,0,0,0,0,0,0,0,0,0,0
ブルキナファソ,179 ,0 ,0 ,0 ,0 ,0 ,0 ,1 ,0 ,0 ,0 ,0 ,0 ,0 ,0 ,0 ,0 ,0 ,0 ,0 ,0 ,0 ,0 ,0 ,0 ,0 ,0 ,0 ,0 ,0 ,0 ,0 ,0 ,128 ,0 ,0 ,21 ,0 ,0 ,0 ,0 ,0 ,0 ,0 ,0 ,0 ,0 ,0 ,0 ,0 ,0 ,0 ,0 ,0 ,0 ,0 ,0 ,0 ,0 ,0 ,0 ,0 ,0 ,0 ,15,   0 ,   0 ,0,0,0,0,0,0,0,0,0,0,0,0,0,0,0,0,0,0,0,0,0,0,0,0,0,0,0,0,0,0,0,0,0,0,0,0,0,12,0,0,0,0,0,0,0,0,0,0,0,0,0,0,0,0,0,0,0,0,0,0,0,0,0,0,0,0,2,0,0,0
ブルンジ,56 ,0 ,0 ,0 ,0 ,0 ,0 ,0 ,0 ,0 ,0 ,0 ,0 ,0 ,0 ,0 ,0 ,0 ,0 ,0 ,0 ,0 ,0 ,0 ,0 ,0 ,0 ,0 ,0 ,0 ,0 ,0 ,0 ,41 ,0 ,0 ,1 ,0 ,0 ,0 ,0 ,0 ,0 ,0 ,0 ,0 ,0 ,0 ,0 ,0 ,0 ,0 ,0 ,0 ,0 ,0 ,0 ,0 ,0 ,0 ,0 ,0 ,0 ,0 ,5,   0 ,   0 ,0,0,0,0,0,0,0,0,0,0,0,0,0,0,0,0,0,0,0,0,0,0,0,0,0,0,0,0,0,0,0,0,0,0,0,0,0,9,0,0,0,0,0,0,0,0,0,0,0,0,0,0,0,0,0,0,0,0,0,0,0,0,0,0,0,0,0,0,0,0
ベナン,218 ,0 ,0 ,0 ,0 ,0 ,0 ,1 ,0 ,0 ,0 ,0 ,0 ,0 ,0 ,0 ,0 ,0 ,0 ,0 ,0 ,0 ,0 ,0 ,0 ,0 ,0 ,0 ,0 ,0 ,0 ,0 ,0 ,129 ,0 ,0 ,65 ,0 ,0 ,0 ,0 ,0 ,0 ,0 ,0 ,0 ,0 ,0 ,0 ,0 ,0 ,0 ,0 ,0 ,0 ,0 ,0 ,0 ,0 ,0 ,0 ,0 ,0 ,0 ,15,   0 ,   0 ,0,0,0,0,0,0,0,0,0,0,0,0,0,0,0,0,0,0,0,0,0,0,0,0,0,0,0,0,0,0,0,0,0,0,0,0,0,5,0,0,0,0,0,0,0,0,0,0,0,0,0,0,0,0,0,0,0,0,0,0,0,0,0,0,0,0,3,0,0,0
ボツワナ,227 ,0 ,0 ,0 ,0 ,0 ,0 ,0 ,0 ,0 ,0 ,0 ,0 ,0 ,0 ,0 ,0 ,0 ,0 ,0 ,0 ,0 ,0 ,0 ,0 ,0 ,0 ,0 ,0 ,0 ,0 ,0 ,0 ,129 ,0 ,0 ,50 ,0 ,0 ,0 ,0 ,0 ,0 ,0 ,0 ,0 ,0 ,0 ,0 ,0 ,0 ,0 ,0 ,0 ,0 ,0 ,0 ,2 ,0 ,0 ,0 ,0 ,0 ,0 ,30,   0 ,   0 ,0,0,0,0,0,0,0,0,0,0,0,0,0,0,0,0,0,0,0,0,0,0,0,0,0,0,0,0,0,0,0,0,0,0,0,0,0,16,0,0,0,0,0,0,0,0,0,0,0,0,0,0,0,0,0,0,0,0,0,0,0,0,0,0,0,0,0,0,0,0
マダガスカル,401 ,0 ,0 ,0 ,0 ,0 ,0 ,0 ,0 ,0 ,0 ,0 ,0 ,0 ,0 ,0 ,0 ,0 ,0 ,0 ,0 ,0 ,0 ,0 ,0 ,0 ,0 ,0 ,0 ,0 ,0 ,0 ,0 ,247 ,0 ,0 ,72 ,0 ,0 ,0 ,0 ,0 ,0 ,0 ,0 ,0 ,0 ,0 ,0 ,0 ,0 ,0 ,0 ,0 ,0 ,0 ,0 ,0 ,0 ,0 ,0 ,0 ,0 ,0 ,61,   0 ,   0 ,0,0,0,0,0,0,0,0,0,0,0,0,0,0,0,0,0,0,0,0,0,0,0,0,0,0,0,0,0,0,0,0,0,0,0,0,1,16,0,0,0,0,1,0,0,0,0,0,0,0,0,0,0,0,0,0,0,0,0,0,0,0,0,0,0,0,3,0,0,0
マラウイ,303 ,0 ,0 ,0 ,0 ,0 ,0 ,0 ,0 ,0 ,0 ,0 ,0 ,0 ,0 ,0 ,0 ,0 ,0 ,0 ,0 ,0 ,0 ,0 ,0 ,0 ,0 ,0 ,0 ,0 ,0 ,0 ,0 ,208 ,0 ,0 ,43 ,0 ,0 ,0 ,0 ,0 ,0 ,0 ,0 ,0 ,0 ,0 ,0 ,0 ,0 ,0 ,0 ,0 ,0 ,0 ,0 ,4 ,0 ,0 ,0 ,0 ,0 ,0 ,29,   0 ,   0 ,0,0,0,0,0,0,0,0,0,0,0,0,0,0,0,0,0,0,0,0,0,0,0,0,0,0,0,0,0,0,0,0,0,0,0,0,0,19,0,0,0,0,0,0,0,0,0,0,0,0,0,0,0,0,0,0,0,0,0,0,0,0,0,0,0,0,0,0,0,0
マリ,288 ,0 ,0 ,0 ,0 ,0 ,0 ,0 ,0 ,0 ,0 ,0 ,0 ,0 ,0 ,0 ,0 ,0 ,0 ,0 ,0 ,0 ,0 ,0 ,0 ,0 ,0 ,0 ,0 ,0 ,0 ,0 ,0 ,201 ,0 ,0 ,54 ,0 ,0 ,0 ,0 ,0 ,0 ,0 ,0 ,0 ,0 ,0 ,0 ,0 ,0 ,0 ,0 ,0 ,0 ,0 ,0 ,2 ,0 ,0 ,0 ,0 ,0 ,0 ,29,   0 ,   0 ,0,0,0,0,0,0,0,0,0,0,0,0,0,0,0,0,0,0,0,0,0,0,0,0,0,0,0,0,0,0,0,0,0,0,0,0,0,2,0,0,0,0,0,0,0,0,0,0,0,0,0,0,0,0,0,0,0,0,0,0,0,0,0,0,0,0,0,0,0,0
南アフリカ共和国,"9,544 ",0 ,8 ,0 ,0 ,0 ,0 ,82 ,0 ,0 ,0 ,1 ,0 ,3 ,0 ,0 ,1 ,3 ,0 ,0 ,2 ,0 ,0 ,0 ,0 ,0 ,0 ,0 ,0 ,0 ,0 ,0 ,0 ,"4,671 ",0 ,5 ,"2,796 ",0 ,0 ,0 ,0 ,0 ,15 ,0 ,0 ,0 ,0 ,0 ,11 ,0 ,0 ,0 ,0 ,0 ,0 ,0 ,0 ,169 ,0 ,0 ,0 ,0 ,0 ,6 ,"1,255",   0 ,   0 ,15,0,0,0,0,0,0,1,0,0,0,0,0,0,0,0,3,0,0,0,1,0,0,0,0,0,0,0,0,0,0,2,0,0,0,0,7,273,0,0,0,0,38,0,0,0,1,0,0,0,0,0,0,0,41,0,0,0,0,94,0,0,0,0,0,1,37,2,0,0
南スーダン共和国,157 ,0 ,0 ,0 ,0 ,0 ,0 ,0 ,0 ,0 ,0 ,0 ,0 ,0 ,0 ,0 ,0 ,0 ,0 ,0 ,0 ,0 ,0 ,0 ,0 ,0 ,0 ,0 ,0 ,0 ,0 ,0 ,0 ,135 ,0 ,0 ,10 ,0 ,0 ,0 ,0 ,0 ,0 ,0 ,0 ,0 ,0 ,0 ,0 ,0 ,0 ,0 ,0 ,0 ,0 ,0 ,0 ,0 ,0 ,0 ,0 ,0 ,0 ,0 ,7,   0 ,   0 ,0,0,0,0,0,0,0,0,0,0,0,0,0,0,0,0,0,0,0,0,0,0,0,0,0,0,0,0,0,0,0,0,0,0,0,0,0,5,0,0,0,0,0,0,0,0,0,0,0,0,0,0,0,0,0,0,0,0,0,0,0,0,0,0,0,0,0,0,0,0
モーリシャス,"1,325 ",0 ,0 ,0 ,0 ,0 ,0 ,18 ,0 ,0 ,0 ,0 ,0 ,0 ,0 ,0 ,0 ,0 ,0 ,0 ,0 ,0 ,0 ,0 ,0 ,0 ,0 ,0 ,0 ,0 ,0 ,0 ,0 ,572 ,0 ,0 ,350 ,0 ,0 ,0 ,0 ,0 ,1 ,0 ,0 ,0 ,0 ,0 ,0 ,0 ,0 ,0 ,0 ,0 ,0 ,0 ,0 ,6 ,0 ,0 ,0 ,0 ,0 ,0 ,302,   0 ,   0 ,0,0,0,0,0,0,0,0,0,0,0,0,0,0,0,0,0,0,0,0,0,0,0,0,0,0,0,0,0,0,0,0,0,0,0,0,6,22,0,0,0,0,39,0,0,0,0,0,0,0,0,0,0,0,0,1,0,0,0,0,0,0,0,0,0,0,8,0,0,0
モーリタニア,100 ,0 ,0 ,0 ,0 ,0 ,0 ,0 ,0 ,0 ,0 ,0 ,0 ,0 ,0 ,0 ,0 ,0 ,0 ,0 ,0 ,0 ,0 ,0 ,0 ,0 ,0 ,0 ,0 ,0 ,0 ,0 ,0 ,45 ,0 ,0 ,43 ,0 ,0 ,0 ,0 ,0 ,0 ,0 ,0 ,0 ,0 ,0 ,0 ,0 ,0 ,0 ,0 ,0 ,0 ,0 ,0 ,1 ,0 ,0 ,0 ,0 ,0 ,0 ,9,   0 ,   0 ,0,0,0,0,0,0,0,0,0,0,0,0,0,0,0,0,0,0,0,0,0,0,0,0,0,0,0,0,0,0,0,0,0,0,0,0,0,2,0,0,0,0,0,0,0,0,0,0,0,0,0,0,0,0,0,0,0,0,0,0,0,0,0,0,0,0,0,0,0,0
モザンビーク,392 ,0 ,0 ,0 ,0 ,0 ,0 ,1 ,0 ,0 ,0 ,0 ,0 ,0 ,0 ,0 ,0 ,0 ,0 ,0 ,0 ,0 ,0 ,0 ,0 ,0 ,0 ,0 ,0 ,0 ,0 ,0 ,0 ,250 ,0 ,0 ,82 ,0 ,0 ,0 ,0 ,0 ,0 ,0 ,0 ,0 ,0 ,0 ,0 ,0 ,0 ,0 ,0 ,0 ,0 ,0 ,0 ,2 ,0 ,0 ,0 ,0 ,0 ,0 ,38,   0 ,   0 ,0,0,0,0,0,0,0,0,0,0,0,0,0,0,0,0,0,0,0,0,0,0,0,0,0,0,0,0,0,0,0,0,0,0,0,0,0,19,0,0,0,0,0,0,0,0,0,0,0,0,0,0,0,0,0,0,0,0,0,0,0,0,0,0,0,0,0,0,0,0
モロッコ,"2,480 ",0 ,12 ,0 ,0 ,0 ,0 ,6 ,0 ,0 ,0 ,0 ,0 ,0 ,0 ,0 ,0 ,1 ,0 ,0 ,0 ,0 ,0 ,0 ,0 ,0 ,0 ,0 ,0 ,0 ,0 ,0 ,0 ,"1,200 ",0 ,0 ,825 ,0 ,0 ,0 ,0 ,0 ,0 ,0 ,0 ,0 ,0 ,0 ,0 ,0 ,0 ,0 ,0 ,0 ,0 ,0 ,0 ,8 ,0 ,0 ,0 ,0 ,0 ,0 ,368,   0 ,   0 ,0,0,0,0,0,0,0,10,0,0,0,0,0,0,0,0,1,0,0,0,0,0,0,0,0,0,1,0,0,0,0,4,0,0,0,0,2,37,0,0,0,0,0,0,0,0,0,0,0,0,0,0,0,0,0,0,0,0,0,0,0,0,0,0,0,0,5,0,0,0
リビア,190 ,0 ,0 ,0 ,0 ,0 ,0 ,0 ,0 ,0 ,0 ,0 ,0 ,0 ,0 ,0 ,0 ,0 ,0 ,0 ,0 ,0 ,0 ,0 ,0 ,0 ,0 ,0 ,0 ,0 ,0 ,0 ,0 ,85 ,0 ,0 ,69 ,0 ,0 ,0 ,0 ,0 ,0 ,0 ,0 ,0 ,0 ,0 ,0 ,0 ,0 ,0 ,0 ,0 ,0 ,0 ,0 ,6 ,0 ,0 ,0 ,0 ,0 ,0 ,21,   0 ,   0 ,0,0,0,0,0,0,0,0,0,0,0,0,0,0,0,0,0,0,0,0,0,0,0,0,0,0,0,0,0,0,0,0,0,0,0,0,0,5,0,0,0,0,0,0,0,0,0,0,0,0,0,0,0,0,0,0,0,0,0,0,0,0,0,0,0,0,4,0,0,0
リベリア,149 ,0 ,0 ,0 ,0 ,0 ,0 ,0 ,0 ,0 ,0 ,0 ,0 ,0 ,0 ,0 ,0 ,0 ,0 ,0 ,0 ,0 ,0 ,0 ,0 ,0 ,0 ,0 ,0 ,0 ,0 ,0 ,0 ,95 ,0 ,0 ,37 ,0 ,0 ,0 ,0 ,0 ,0 ,0 ,0 ,0 ,0 ,0 ,0 ,0 ,0 ,0 ,0 ,0 ,0 ,0 ,0 ,0 ,0 ,0 ,0 ,0 ,0 ,0 ,9,   0 ,   0 ,0,0,0,0,0,0,0,0,0,0,0,0,0,0,0,0,0,0,0,0,0,0,0,0,0,0,0,0,0,0,0,0,0,0,0,0,0,8,0,0,0,0,0,0,0,0,0,0,0,0,0,0,0,0,0,0,0,0,0,0,0,0,0,0,0,0,0,0,0,0
ルワンダ,248 ,0 ,0 ,0 ,0 ,0 ,0 ,0 ,0 ,0 ,0 ,0 ,0 ,0 ,0 ,0 ,0 ,0 ,0 ,0 ,0 ,0 ,0 ,0 ,0 ,0 ,0 ,0 ,0 ,0 ,0 ,0 ,0 ,193 ,0 ,0 ,29 ,0 ,0 ,0 ,0 ,0 ,0 ,0 ,0 ,0 ,0 ,0 ,0 ,0 ,0 ,0 ,0 ,0 ,0 ,0 ,0 ,1 ,0 ,0 ,0 ,0 ,0 ,0 ,16,   0 ,   0 ,0,0,0,0,0,0,0,0,0,0,0,0,0,0,0,0,0,0,0,0,0,0,0,0,0,0,0,0,0,0,0,0,0,0,0,0,0,8,0,0,0,0,0,0,0,0,0,0,0,0,0,0,0,0,0,0,0,0,0,0,0,0,0,0,0,0,1,0,0,0
レソト,87 ,0 ,0 ,0 ,0 ,0 ,0 ,0 ,0 ,0 ,0 ,0 ,0 ,0 ,0 ,0 ,0 ,0 ,0 ,0 ,0 ,0 ,0 ,0 ,0 ,0 ,0 ,0 ,0 ,0 ,0 ,0 ,0 ,46 ,0 ,0 ,17 ,0 ,0 ,0 ,0 ,0 ,0 ,0 ,0 ,0 ,0 ,0 ,0 ,0 ,0 ,0 ,0 ,0 ,0 ,0 ,0 ,0 ,0 ,0 ,0 ,0 ,0 ,0 ,16,   0 ,   0 ,0,0,0,0,0,0,0,0,0,0,0,0,0,0,0,0,0,0,0,0,0,0,0,0,0,0,0,0,0,0,0,0,0,0,0,0,0,6,0,0,0,0,0,0,0,0,0,0,0,0,0,0,0,0,0,0,0,0,0,0,0,0,0,0,0,0,2,0,0,0
北アメリカ,"2,628,964 ",46 ,"4,123 ","2,141 ",4 ,0 ,0 ,"19,973 ",0 ,"2,682 ",88 ,"1,583 ",0 ,"1,043 ",27 ,258 ,18 ,699 ,3 ,4 ,536 ,0 ,3 ,0 ,86 ,85 ,0 ,0 ,0 ,0 ,0 ,3 ,0 ,"1,067,760 ",380 ,"1,992 ","1,149,487 ",0 ,"2,039 ",16 ,0 ,58 ,"1,728 ",0 ,0 ,82 ,75 ,0 ,"1,337 ",335 ,1 ,0 ,189 ,7 ,4 ,0 ,0 ,"15,224 ",1 ,58 ,0 ,0 ,0 ,"1,789 ","247,872",   0 ,   1 ,"4,160",0,0,0,0,1,105,"1,706",0,193,0,0,0,26,0,377,708,0,382,1,878,0,0,1,0,0,967,0,117,209,0,551,8,900,0,216,"3,355","41,276",398,122,1,289,"16,814",12,518,0,593,145,0,108,0,2,0,75,"7,845",350,0,0,0,"2,061",0,"2,121",23,0,1,570,"16,857",81,1,0
アンティグア・バーブーダ,93 ,0 ,0 ,0 ,0 ,0 ,0 ,1 ,0 ,0 ,0 ,0 ,0 ,0 ,0 ,0 ,0 ,0 ,0 ,0 ,0 ,0 ,0 ,0 ,0 ,0 ,0 ,0 ,0 ,0 ,0 ,0 ,0 ,24 ,0 ,0 ,63 ,0 ,0 ,0 ,0 ,0 ,0 ,0 ,0 ,0 ,0 ,0 ,0 ,0 ,0 ,0 ,0 ,0 ,0 ,0 ,0 ,0 ,0 ,0 ,0 ,0 ,0 ,0 ,5,   0 ,   0 ,0,0,0,0,0,0,0,0,0,0,0,0,0,0,0,0,0,0,0,0,0,0,0,0,0,0,0,0,0,0,0,0,0,0,0,0,0,0,0,0,0,0,0,0,0,0,0,0,0,0,0,0,0,0,0,0,0,0,0,0,0,0,0,0,0,0,0,0,0,0
エルサルバドル,"1,283 ",0 ,0 ,0 ,0 ,0 ,0 ,5 ,0 ,0 ,0 ,0 ,0 ,0 ,0 ,0 ,0 ,0 ,0 ,0 ,0 ,0 ,0 ,0 ,0 ,0 ,0 ,0 ,0 ,0 ,0 ,0 ,0 ,648 ,0 ,0 ,483 ,0 ,0 ,0 ,0 ,0 ,0 ,0 ,0 ,0 ,0 ,0 ,2 ,0 ,0 ,0 ,0 ,0 ,0 ,0 ,0 ,12 ,0 ,0 ,0 ,0 ,0 ,0 ,102,   0 ,   0 ,1,0,0,0,0,0,0,0,0,0,0,0,0,0,0,0,0,0,0,0,3,0,0,0,0,0,0,0,0,0,0,0,0,0,0,0,0,14,0,0,0,0,4,0,0,0,0,0,0,0,0,0,0,0,2,0,0,0,0,0,0,0,0,0,0,0,7,0,0,0
カナダ,"432,700 ",6 ,512 ,426 ,0 ,0 ,0 ,"5,835 ",0 ,"1,150 ",23 ,850 ,0 ,206 ,2 ,0 ,2 ,92 ,0 ,0 ,85 ,0 ,0 ,0 ,11 ,42 ,0 ,0 ,0 ,0 ,0 ,0 ,0 ,"230,806 ",0 ,202 ,"115,064 ",0 ,5 ,0 ,0 ,46 ,302 ,0 ,0 ,22 ,11 ,0 ,221 ,35 ,0 ,0 ,30 ,0 ,0 ,0 ,0 ,"3,709 ",0 ,0 ,0 ,0 ,0 ,195 ,"48,866",   0 ,   0 ,686,0,0,0,0,0,58,372,0,30,0,0,0,26,0,95,149,0,0,0,69,0,0,1,0,0,436,0,45,40,0,121,0,177,0,63,743,"10,515",28,23,0,28,"2,885",5,78,0,214,21,0,12,0,0,0,23,"2,509",177,0,0,0,406,0,1,10,0,0,75,"3,812",11,0,0
キューバ,627 ,0 ,0 ,0 ,0 ,0 ,0 ,0 ,0 ,0 ,0 ,0 ,0 ,0 ,0 ,0 ,0 ,0 ,0 ,0 ,0 ,0 ,0 ,0 ,0 ,0 ,0 ,0 ,0 ,0 ,0 ,0 ,0 ,265 ,0 ,0 ,336 ,0 ,0 ,0 ,0 ,0 ,0 ,0 ,0 ,0 ,0 ,0 ,0 ,0 ,0 ,0 ,0 ,0 ,0 ,0 ,0 ,5 ,0 ,0 ,0 ,0 ,0 ,0 ,19,   0 ,   0 ,0,0,0,0,0,0,0,0,0,0,0,0,0,0,0,0,0,0,0,0,0,0,0,0,0,0,0,0,0,0,0,0,0,0,0,0,0,2,0,0,0,0,0,0,0,0,0,0,0,0,0,0,0,0,0,0,0,0,0,0,0,0,0,0,0,0,0,0,0,0
グアテマラ,"2,567 ",0 ,0 ,0 ,0 ,0 ,0 ,4 ,0 ,0 ,0 ,2 ,0 ,0 ,0 ,0 ,0 ,0 ,0 ,0 ,0 ,0 ,0 ,0 ,0 ,0 ,0 ,0 ,0 ,0 ,0 ,0 ,0 ,"1,357 ",0 ,3 ,928 ,0 ,0 ,0 ,0 ,0 ,3 ,0 ,0 ,0 ,0 ,0 ,0 ,0 ,0 ,0 ,0 ,0 ,0 ,0 ,0 ,5 ,0 ,0 ,0 ,0 ,0 ,0 ,171,   0 ,   0 ,3,0,0,0,0,0,0,0,0,0,0,0,0,0,0,0,8,0,0,0,30,0,0,0,0,0,0,0,0,0,0,0,0,0,0,0,10,26,0,0,0,0,1,0,0,0,0,0,0,0,0,0,0,0,1,0,0,0,0,0,0,0,0,0,0,0,15,0,0,0
グレナダ,69 ,0 ,0 ,0 ,0 ,0 ,0 ,2 ,0 ,0 ,0 ,0 ,0 ,0 ,0 ,0 ,0 ,0 ,0 ,0 ,0 ,0 ,0 ,0 ,0 ,0 ,0 ,0 ,0 ,0 ,0 ,0 ,0 ,26 ,0 ,0 ,31 ,0 ,0 ,0 ,0 ,0 ,0 ,0 ,0 ,0 ,0 ,0 ,0 ,0 ,0 ,0 ,0 ,0 ,0 ,0 ,0 ,1 ,0 ,0 ,0 ,0 ,0 ,0 ,7,   0 ,   0 ,0,0,0,0,0,0,0,0,0,0,0,0,0,0,0,0,0,0,0,0,0,0,0,0,0,0,0,0,0,0,0,0,0,0,0,0,0,2,0,0,0,0,0,0,0,0,0,0,0,0,0,0,0,0,0,0,0,0,0,0,0,0,0,0,0,0,0,0,0,0
コスタリカ,"4,571 ",0 ,0 ,0 ,0 ,0 ,0 ,14 ,0 ,2 ,0 ,0 ,0 ,0 ,0 ,0 ,0 ,1 ,0 ,0 ,0 ,0 ,0 ,0 ,0 ,0 ,0 ,0 ,0 ,0 ,0 ,0 ,0 ,"2,715 ",0 ,0 ,"1,409 ",0 ,0 ,0 ,0 ,0 ,0 ,0 ,0 ,0 ,0 ,0 ,17 ,0 ,0 ,0 ,1 ,0 ,0 ,0 ,0 ,18 ,0 ,0 ,0 ,0 ,0 ,1 ,276,   0 ,   0 ,1,0,0,0,0,0,0,1,0,0,0,0,0,0,0,1,1,0,0,0,7,0,0,0,0,0,1,0,0,0,0,0,0,1,0,3,29,31,0,0,0,0,26,0,0,0,0,2,0,0,0,0,0,0,7,0,0,0,0,0,0,0,0,0,0,0,6,0,0,0
ジャマイカ,989 ,0 ,0 ,0 ,0 ,0 ,0 ,4 ,0 ,1 ,0 ,0 ,0 ,0 ,0 ,0 ,0 ,0 ,0 ,0 ,0 ,0 ,0 ,0 ,0 ,0 ,0 ,0 ,0 ,0 ,0 ,0 ,0 ,363 ,0 ,0 ,480 ,0 ,0 ,0 ,0 ,0 ,0 ,0 ,0 ,0 ,0 ,0 ,0 ,0 ,0 ,0 ,0 ,0 ,0 ,0 ,0 ,17 ,0 ,0 ,0 ,0 ,0 ,1 ,82,   0 ,   0 ,1,0,0,0,0,0,0,0,0,0,0,0,0,0,0,0,0,0,0,0,0,0,0,0,0,0,0,0,0,0,0,0,0,0,0,0,0,16,0,0,0,0,9,0,0,0,0,14,0,0,0,0,0,0,0,0,0,0,0,0,0,0,0,0,0,1,0,0,0,0
セントクリストファー・ネービス,289 ,0 ,0 ,0 ,0 ,0 ,0 ,3 ,0 ,0 ,0 ,0 ,0 ,0 ,0 ,0 ,0 ,0 ,0 ,0 ,0 ,0 ,0 ,0 ,0 ,0 ,0 ,0 ,0 ,0 ,0 ,0 ,0 ,95 ,0 ,0 ,132 ,0 ,0 ,0 ,0 ,0 ,0 ,0 ,0 ,0 ,0 ,0 ,0 ,0 ,0 ,0 ,0 ,0 ,0 ,0 ,0 ,1 ,0 ,0 ,0 ,0 ,0 ,0 ,48,   0 ,   0 ,0,0,0,0,0,0,0,0,0,0,0,0,0,0,0,0,0,0,0,0,0,0,0,0,0,0,0,0,0,0,0,0,0,0,0,0,0,8,0,0,0,0,0,0,0,0,0,0,0,0,0,0,0,0,0,0,0,0,0,0,0,0,0,0,0,0,2,0,0,0
セントビンセント,38 ,0 ,0 ,0 ,0 ,0 ,0 ,0 ,0 ,0 ,0 ,0 ,0 ,0 ,0 ,0 ,0 ,0 ,0 ,0 ,0 ,0 ,0 ,0 ,0 ,0 ,0 ,0 ,0 ,0 ,0 ,0 ,0 ,19 ,0 ,0 ,10 ,0 ,0 ,0 ,0 ,0 ,0 ,0 ,0 ,0 ,0 ,0 ,0 ,0 ,0 ,0 ,0 ,0 ,0 ,0 ,0 ,0 ,0 ,0 ,0 ,0 ,0 ,0 ,5,   0 ,   0 ,0,0,0,0,0,0,0,0,0,0,0,0,0,0,0,0,0,0,0,0,1,0,0,0,0,0,0,0,0,0,0,0,0,0,0,0,0,0,0,0,0,0,0,0,0,0,0,0,0,0,0,0,0,0,0,0,0,0,0,0,0,0,0,0,0,0,3,0,0,0
セントルシア,90 ,0 ,0 ,0 ,0 ,0 ,0 ,0 ,0 ,0 ,0 ,0 ,0 ,0 ,0 ,0 ,0 ,0 ,0 ,0 ,0 ,0 ,0 ,0 ,0 ,0 ,0 ,0 ,0 ,0 ,0 ,0 ,0 ,39 ,0 ,0 ,42 ,0 ,0 ,0 ,0 ,0 ,0 ,0 ,0 ,0 ,0 ,0 ,0 ,0 ,0 ,0 ,0 ,0 ,0 ,0 ,0 ,0 ,0 ,0 ,0 ,0 ,0 ,0 ,6,   0 ,   0 ,0,0,0,0,0,0,0,0,0,0,0,0,0,0,0,0,0,0,0,0,0,0,0,0,0,0,0,0,0,0,0,0,0,0,0,0,0,1,0,0,0,0,0,0,0,0,0,0,0,0,0,0,0,0,0,0,0,0,0,0,0,0,0,0,0,0,2,0,0,0
ドミニカ,191 ,0 ,0 ,0 ,0 ,0 ,0 ,4 ,0 ,0 ,0 ,0 ,0 ,0 ,0 ,0 ,0 ,0 ,0 ,0 ,0 ,0 ,0 ,0 ,0 ,0 ,0 ,0 ,0 ,0 ,0 ,0 ,0 ,92 ,0 ,0 ,53 ,0 ,0 ,0 ,0 ,0 ,0 ,0 ,0 ,0 ,0 ,0 ,0 ,0 ,0 ,0 ,0 ,0 ,0 ,0 ,0 ,0 ,0 ,0 ,0 ,0 ,0 ,0 ,38,   0 ,   0 ,0,0,0,0,0,0,0,0,0,0,0,0,0,0,0,0,0,0,0,0,0,0,0,0,0,0,0,0,0,0,0,0,0,0,0,0,0,4,0,0,0,0,0,0,0,0,0,0,0,0,0,0,0,0,0,0,0,0,0,0,0,0,0,0,0,0,0,0,0,0
ドミニカ共和国,"2,599 ",0 ,0 ,0 ,0 ,0 ,0 ,2 ,0 ,0 ,0 ,0 ,0 ,0 ,0 ,0 ,0 ,1 ,0 ,0 ,0 ,0 ,0 ,0 ,0 ,0 ,0 ,0 ,0 ,0 ,0 ,0 ,0 ,"1,220 ",0 ,1 ,897 ,0 ,1 ,0 ,0 ,0 ,1 ,0 ,0 ,0 ,0 ,0 ,0 ,0 ,0 ,0 ,1 ,0 ,0 ,0 ,0 ,18 ,0 ,0 ,0 ,0 ,0 ,2 ,357,   0 ,   0 ,6,0,0,0,0,0,0,0,0,0,0,0,0,0,0,0,3,0,0,0,21,0,0,0,0,0,0,0,0,6,0,0,0,0,0,1,4,38,0,1,0,2,9,0,1,0,0,0,0,1,0,0,0,0,0,0,0,0,0,0,0,0,0,0,0,0,5,0,0,0
トリニダード・トバゴ,697 ,0 ,1 ,0 ,0 ,0 ,0 ,0 ,0 ,0 ,0 ,0 ,0 ,0 ,0 ,0 ,0 ,0 ,0 ,0 ,0 ,0 ,0 ,0 ,0 ,0 ,0 ,0 ,0 ,0 ,0 ,0 ,0 ,263 ,0 ,3 ,329 ,0 ,0 ,0 ,0 ,0 ,2 ,0 ,0 ,0 ,0 ,0 ,0 ,0 ,0 ,0 ,0 ,0 ,0 ,0 ,0 ,1 ,0 ,0 ,0 ,0 ,0 ,0 ,79,   0 ,   0 ,1,0,0,0,0,0,0,0,0,1,0,0,0,0,0,0,0,0,0,0,0,0,0,0,0,0,0,0,0,3,0,0,0,0,0,0,0,7,0,0,0,0,2,0,0,0,0,0,0,0,0,0,0,0,2,0,0,0,0,0,0,0,0,0,0,0,3,0,0,0
ニカラグア,238 ,0 ,0 ,0 ,0 ,0 ,0 ,0 ,0 ,0 ,0 ,0 ,0 ,1 ,0 ,0 ,0 ,0 ,0 ,0 ,0 ,0 ,0 ,0 ,0 ,0 ,0 ,0 ,0 ,0 ,0 ,0 ,0 ,114 ,0 ,0 ,94 ,0 ,0 ,0 ,0 ,0 ,0 ,0 ,0 ,0 ,0 ,0 ,0 ,0 ,0 ,0 ,0 ,0 ,0 ,0 ,0 ,1 ,0 ,0 ,0 ,0 ,0 ,0 ,21,   0 ,   0 ,0,0,0,0,0,0,0,0,0,0,0,0,0,0,0,0,0,0,0,0,0,0,0,0,0,0,0,0,0,0,0,0,0,0,0,0,0,2,0,0,0,0,0,0,0,0,0,0,0,0,0,0,0,0,0,0,0,0,0,0,0,0,0,0,0,0,5,0,0,0
ハイチ,102 ,0 ,0 ,0 ,0 ,0 ,0 ,0 ,0 ,0 ,0 ,0 ,0 ,0 ,0 ,0 ,0 ,0 ,0 ,0 ,0 ,0 ,0 ,0 ,0 ,0 ,0 ,0 ,0 ,0 ,0 ,0 ,0 ,44 ,0 ,0 ,47 ,0 ,0 ,0 ,0 ,0 ,0 ,0 ,0 ,0 ,0 ,0 ,0 ,0 ,0 ,0 ,0 ,0 ,0 ,0 ,0 ,0 ,0 ,0 ,0 ,0 ,0 ,0 ,5,   0 ,   0 ,0,0,0,0,0,0,0,0,0,0,0,0,0,0,0,0,0,0,0,0,0,0,0,0,0,0,0,0,0,0,0,0,0,0,0,0,0,5,0,0,0,0,0,0,0,0,0,0,0,0,0,0,0,0,0,0,0,0,0,0,0,0,0,0,0,0,1,0,0,0
パナマ,"1,468 ",0 ,0 ,0 ,0 ,0 ,0 ,3 ,0 ,1 ,0 ,1 ,0 ,0 ,0 ,0 ,0 ,0 ,0 ,0 ,0 ,0 ,0 ,0 ,0 ,0 ,0 ,0 ,0 ,0 ,0 ,0 ,0 ,574 ,0 ,1 ,690 ,0 ,0 ,0 ,0 ,0 ,0 ,0 ,0 ,0 ,0 ,0 ,1 ,0 ,0 ,0 ,0 ,0 ,0 ,0 ,0 ,1 ,0 ,0 ,0 ,0 ,0 ,0 ,165,   0 ,   0 ,0,0,0,0,0,0,0,1,0,0,0,0,0,0,0,0,0,0,0,0,0,0,0,0,0,0,0,0,0,0,0,0,0,0,0,0,0,3,0,0,0,2,0,0,0,0,0,0,0,0,0,0,0,0,18,0,0,0,0,0,0,0,0,0,0,0,7,0,0,0
バハマ,287 ,0 ,0 ,0 ,0 ,0 ,0 ,1 ,0 ,0 ,0 ,0 ,0 ,0 ,0 ,0 ,0 ,0 ,0 ,0 ,0 ,0 ,0 ,0 ,0 ,0 ,0 ,0 ,0 ,0 ,0 ,0 ,0 ,106 ,0 ,0 ,147 ,0 ,0 ,0 ,0 ,0 ,0 ,0 ,0 ,0 ,0 ,0 ,0 ,0 ,0 ,0 ,0 ,0 ,0 ,0 ,0 ,2 ,0 ,0 ,0 ,0 ,0 ,0 ,17,   0 ,   0 ,0,0,0,0,0,0,0,0,0,0,0,0,0,0,0,0,0,0,1,0,0,0,0,0,0,0,0,0,0,0,0,0,0,0,0,0,0,10,0,0,0,0,2,0,0,0,0,0,0,0,0,0,0,0,0,0,0,0,0,0,0,0,0,0,0,0,1,0,0,0
バルバドス,187 ,0 ,0 ,0 ,0 ,0 ,0 ,0 ,0 ,0 ,0 ,0 ,0 ,0 ,0 ,0 ,0 ,0 ,0 ,0 ,0 ,0 ,0 ,0 ,0 ,0 ,0 ,0 ,0 ,0 ,0 ,0 ,0 ,55 ,0 ,0 ,102 ,0 ,0 ,0 ,0 ,0 ,0 ,0 ,0 ,0 ,0 ,0 ,0 ,0 ,0 ,0 ,0 ,0 ,0 ,0 ,0 ,0 ,0 ,0 ,0 ,0 ,0 ,0 ,23,   0 ,   0 ,0,0,0,0,0,0,0,0,0,0,0,0,0,0,0,0,0,0,0,0,0,0,0,0,0,0,0,0,0,0,0,0,0,0,0,0,0,2,0,0,0,0,1,0,0,0,0,1,0,0,0,0,0,0,3,0,0,0,0,0,0,0,0,0,0,0,0,0,0,0
米国,"2,082,697 ",40 ,"3,585 ","1,695 ",4 ,0 ,0 ,"14,020 ",0 ,"1,442 ",65 ,728 ,0 ,820 ,25 ,258 ,16 ,595 ,3 ,4 ,417 ,0 ,3 ,0 ,75 ,42 ,0 ,0 ,0 ,0 ,0 ,3 ,0 ,"756,089 ",380 ,"1,762 ","1,010,495 ",0 ,"2,032 ",16 ,0 ,12 ,"1,336 ",0 ,0 ,60 ,64 ,0 ,"1,033 ",300 ,1 ,0 ,156 ,7 ,4 ,0 ,0 ,"11,255 ",1 ,58 ,0 ,0 ,0 ,"1,464 ","193,296",   0 ,   1 ,"3,256",0,0,0,0,1,47,"1,320",0,157,0,0,0,0,0,281,519,0,381,1,609,0,0,0,0,0,526,0,72,158,0,427,8,708,0,142,"2,419","30,188",361,98,1,245,"13,479",7,436,0,378,102,0,95,0,2,0,52,"5,196",173,0,0,0,"1,635",0,"2,120",13,0,1,489,"12,866",65,1,0
ベリーズ,117 ,0 ,0 ,0 ,0 ,0 ,0 ,0 ,0 ,0 ,0 ,0 ,0 ,0 ,0 ,0 ,0 ,0 ,0 ,0 ,0 ,0 ,0 ,0 ,0 ,0 ,0 ,0 ,0 ,0 ,0 ,0 ,0 ,54 ,0 ,0 ,45 ,0 ,0 ,0 ,0 ,0 ,0 ,0 ,0 ,0 ,0 ,0 ,0 ,0 ,0 ,0 ,0 ,0 ,0 ,0 ,0 ,0 ,0 ,0 ,0 ,0 ,0 ,0 ,11,   0 ,   0 ,0,0,0,0,0,0,0,0,0,0,0,0,0,0,0,0,0,0,0,0,0,0,0,0,0,0,0,0,0,0,0,0,0,0,0,0,0,5,0,0,0,0,0,0,0,0,0,0,0,0,0,0,0,0,0,0,0,0,0,0,0,0,0,0,0,0,2,0,0,0
ホンジュラス,"1,273 ",0 ,8 ,0 ,0 ,0 ,0 ,2 ,0 ,0 ,0 ,0 ,0 ,0 ,0 ,0 ,0 ,0 ,0 ,0 ,0 ,0 ,0 ,0 ,0 ,1 ,0 ,0 ,0 ,0 ,0 ,0 ,0 ,636 ,0 ,0 ,481 ,0 ,0 ,0 ,0 ,0 ,8 ,0 ,0 ,0 ,0 ,0 ,0 ,0 ,0 ,0 ,0 ,0 ,0 ,0 ,0 ,0 ,0 ,0 ,0 ,0 ,0 ,0 ,73,   0 ,   0 ,0,0,0,0,0,0,0,0,0,0,0,0,0,0,0,0,0,0,0,0,4,0,0,0,0,0,0,0,0,0,0,0,0,0,0,0,4,12,0,0,0,0,9,0,1,0,0,0,0,0,0,0,0,0,23,0,0,0,0,0,0,0,0,0,0,0,11,0,0,0
メキシコ,"95,792 ",0 ,17 ,20 ,0 ,0 ,0 ,73 ,0 ,86 ,0 ,2 ,0 ,16 ,0 ,0 ,0 ,10 ,0 ,0 ,34 ,0 ,0 ,0 ,0 ,0 ,0 ,0 ,0 ,0 ,0 ,0 ,0 ,"72,156 ",0 ,20 ,"17,129 ",0 ,1 ,0 ,0 ,0 ,76 ,0 ,0 ,0 ,0 ,0 ,63 ,0 ,0 ,0 ,1 ,0 ,0 ,0 ,0 ,178 ,0 ,0 ,0 ,0 ,0 ,126 ,"4,200",   0 ,   0 ,205,0,0,0,0,0,0,12,0,5,0,0,0,0,0,0,28,0,0,0,134,0,0,0,0,0,4,0,0,2,0,3,0,14,0,7,146,385,9,0,0,12,387,0,2,0,1,5,0,0,0,0,0,0,84,0,0,0,0,20,0,0,0,0,0,5,109,5,0,0
南アメリカ,"138,427 ",0 ,8 ,8 ,0 ,0 ,0 ,182 ,0 ,19 ,0 ,9 ,0 ,9 ,0 ,0 ,0 ,7 ,0 ,0 ,21 ,0 ,0 ,0 ,0 ,0 ,0 ,0 ,0 ,0 ,0 ,0 ,0 ,"67,419 ",0 ,35 ,"48,218 ",0 ,0 ,0 ,0 ,0 ,34 ,0 ,0 ,3 ,0 ,0 ,30 ,6 ,0 ,0 ,39 ,0 ,0 ,0 ,0 ,"2,649 ",0 ,0 ,0 ,0 ,0 ,42 ,"17,174",   0 ,   0 ,125,0,0,0,0,0,5,19,0,3,0,0,0,0,0,3,92,0,0,0,174,0,0,0,0,0,11,0,0,6,0,15,0,3,0,14,297,"1,028",0,2,0,5,241,0,7,0,2,18,0,0,0,0,0,0,83,2,0,0,0,12,0,1,0,0,0,20,321,6,0,0
アルゼンチン,"13,795 ",0 ,3 ,2 ,0 ,0 ,0 ,16 ,0 ,0 ,0 ,0 ,0 ,0 ,0 ,0 ,0 ,0 ,0 ,0 ,2 ,0 ,0 ,0 ,0 ,0 ,0 ,0 ,0 ,0 ,0 ,0 ,0 ,"7,074 ",0 ,3 ,"5,098 ",0 ,0 ,0 ,0 ,0 ,5 ,0 ,0 ,0 ,0 ,0 ,4 ,0 ,0 ,0 ,0 ,0 ,0 ,0 ,0 ,64 ,0 ,0 ,0 ,0 ,0 ,0 ,"1,168",   0 ,   0 ,4,0,0,0,0,0,0,5,0,1,0,0,0,0,0,1,2,0,0,0,39,0,0,0,0,0,1,0,0,0,0,0,0,0,0,1,76,148,0,0,0,0,23,0,1,0,0,0,0,0,0,0,0,0,14,1,0,0,0,0,0,0,0,0,0,4,34,1,0,0
ウルグアイ,"1,707 ",0 ,0 ,1 ,0 ,0 ,0 ,0 ,0 ,0 ,0 ,0 ,0 ,0 ,0 ,0 ,0 ,0 ,0 ,0 ,0 ,0 ,0 ,0 ,0 ,0 ,0 ,0 ,0 ,0 ,0 ,0 ,0 ,850 ,0 ,0 ,625 ,0 ,0 ,0 ,0 ,0 ,0 ,0 ,0 ,0 ,0 ,0 ,0 ,0 ,0 ,0 ,0 ,0 ,0 ,0 ,0 ,0 ,0 ,0 ,0 ,0 ,0 ,0 ,178,   0 ,   0 ,1,0,0,0,0,0,0,2,0,0,0,0,0,0,0,0,0,0,0,0,13,0,0,0,0,0,0,0,0,0,0,0,0,0,0,0,8,22,0,0,0,0,2,0,0,0,0,0,0,0,0,0,0,0,0,0,0,0,0,0,0,0,0,0,0,0,5,0,0,0
エクアドル,"2,155 ",0 ,0 ,0 ,0 ,0 ,0 ,1 ,0 ,0 ,0 ,0 ,0 ,0 ,0 ,0 ,0 ,2 ,0 ,0 ,0 ,0 ,0 ,0 ,0 ,0 ,0 ,0 ,0 ,0 ,0 ,0 ,0 ,"1,211 ",0 ,0 ,707 ,0 ,0 ,0 ,0 ,0 ,0 ,0 ,0 ,0 ,0 ,0 ,0 ,0 ,0 ,0 ,0 ,0 ,0 ,0 ,0 ,5 ,0 ,0 ,0 ,0 ,0 ,0 ,174,   0 ,   0 ,0,0,0,0,0,0,0,0,0,0,0,0,0,0,0,0,0,0,0,0,10,0,0,0,0,0,0,0,0,0,0,0,0,0,0,0,4,23,0,0,0,0,8,0,0,0,0,0,0,0,0,0,0,0,0,0,0,0,0,0,0,0,0,0,0,6,4,0,0,0
ガイアナ,64 ,0 ,0 ,0 ,0 ,0 ,0 ,2 ,0 ,0 ,0 ,0 ,0 ,0 ,0 ,0 ,0 ,0 ,0 ,0 ,0 ,0 ,0 ,0 ,0 ,0 ,0 ,0 ,0 ,0 ,0 ,0 ,0 ,19 ,0 ,0 ,34 ,0 ,0 ,0 ,0 ,0 ,0 ,0 ,0 ,0 ,0 ,0 ,0 ,0 ,0 ,0 ,0 ,0 ,0 ,0 ,0 ,0 ,0 ,0 ,0 ,0 ,0 ,0 ,8,   0 ,   0 ,0,0,0,0,0,0,0,0,0,0,0,0,0,0,0,0,0,0,0,0,0,0,0,0,0,0,0,0,0,0,0,0,0,0,0,0,0,1,0,0,0,0,0,0,0,0,0,0,0,0,0,0,0,0,0,0,0,0,0,0,0,0,0,0,0,0,0,0,0,0
コロンビア,"10,348 ",0 ,0 ,2 ,0 ,0 ,0 ,9 ,0 ,5 ,0 ,0 ,0 ,0 ,0 ,0 ,0 ,0 ,0 ,0 ,3 ,0 ,0 ,0 ,0 ,0 ,0 ,0 ,0 ,0 ,0 ,0 ,0 ,"5,738 ",0 ,3 ,"3,401 ",0 ,0 ,0 ,0 ,0 ,2 ,0 ,0 ,0 ,0 ,0 ,5 ,0 ,0 ,0 ,2 ,0 ,0 ,0 ,0 ,49 ,0 ,0 ,0 ,0 ,0 ,2 ,907,   0 ,   0 ,10,0,0,0,0,0,0,5,0,1,0,0,0,0,0,0,6,0,0,0,23,0,0,0,0,0,0,0,0,0,0,0,0,0,0,1,30,83,0,0,0,0,23,0,1,0,0,3,0,0,0,0,0,0,9,0,0,0,0,1,0,0,0,0,0,3,21,0,0,0
スリナム,112 ,0 ,0 ,0 ,0 ,0 ,0 ,0 ,0 ,0 ,0 ,0 ,0 ,0 ,0 ,0 ,0 ,0 ,0 ,0 ,0 ,0 ,0 ,0 ,0 ,0 ,0 ,0 ,0 ,0 ,0 ,0 ,0 ,45 ,0 ,0 ,25 ,0 ,0 ,0 ,0 ,0 ,0 ,0 ,0 ,0 ,0 ,0 ,0 ,0 ,0 ,0 ,0 ,0 ,0 ,0 ,0 ,2 ,0 ,0 ,0 ,0 ,0 ,0 ,34,   0 ,   0 ,0,0,0,0,0,0,0,0,0,0,0,0,0,0,0,0,0,0,0,0,0,0,0,0,0,0,1,0,0,0,0,0,0,0,0,0,1,2,0,0,0,0,0,0,0,0,0,0,0,0,0,0,0,0,0,1,0,0,0,0,0,0,0,0,0,0,1,0,0,0
チリ,"14,070 ",0 ,1 ,0 ,0 ,0 ,0 ,16 ,0 ,2 ,0 ,2 ,0 ,0 ,0 ,0 ,0 ,1 ,0 ,0 ,1 ,0 ,0 ,0 ,0 ,0 ,0 ,0 ,0 ,0 ,0 ,0 ,0 ,"6,038 ",0 ,2 ,"6,720 ",0 ,0 ,0 ,0 ,0 ,1 ,0 ,0 ,0 ,0 ,0 ,8 ,0 ,0 ,0 ,0 ,0 ,0 ,0 ,0 ,28 ,0 ,0 ,0 ,0 ,0 ,20 ,901,   0 ,   0 ,53,0,0,0,0,0,0,1,0,0,0,0,0,0,0,2,4,0,0,0,27,0,0,0,0,0,2,0,0,0,0,10,0,0,0,2,57,93,0,0,0,0,29,0,1,0,2,2,0,0,0,0,0,0,4,0,0,0,0,6,0,1,0,0,0,0,32,1,0,0
パラグアイ,909 ,0 ,0 ,0 ,0 ,0 ,0 ,1 ,0 ,0 ,0 ,0 ,0 ,0 ,0 ,0 ,0 ,0 ,0 ,0 ,0 ,0 ,0 ,0 ,0 ,0 ,0 ,0 ,0 ,0 ,0 ,0 ,0 ,516 ,0 ,0 ,302 ,0 ,0 ,0 ,0 ,0 ,1 ,0 ,0 ,0 ,0 ,0 ,0 ,0 ,0 ,0 ,0 ,0 ,0 ,0 ,0 ,10 ,0 ,0 ,0 ,0 ,0 ,0 ,67,   0 ,   0 ,0,0,0,0,0,0,0,0,0,1,0,0,0,0,0,0,0,0,0,0,0,0,0,0,0,0,0,0,0,0,0,0,0,0,0,0,1,7,0,0,0,0,0,0,0,0,0,0,0,0,0,0,0,0,0,0,0,0,0,0,0,0,0,0,0,0,3,0,0,0
ブラジル,"79,050 ",0 ,4 ,3 ,0 ,0 ,0 ,124 ,0 ,4 ,0 ,6 ,0 ,3 ,0 ,0 ,0 ,1 ,0 ,0 ,14 ,0 ,0 ,0 ,0 ,0 ,0 ,0 ,0 ,0 ,0 ,0 ,0 ,"37,825 ",0 ,26 ,"25,800 ",0 ,0 ,0 ,0 ,0 ,21 ,0 ,0 ,3 ,0 ,0 ,13 ,6 ,0 ,0 ,31 ,0 ,0 ,0 ,0 ,"2,032 ",0 ,0 ,0 ,0 ,0 ,20 ,"11,950",   0 ,   0 ,48,0,0,0,0,0,5,6,0,0,0,0,0,0,0,0,80,0,0,0,32,0,0,0,0,0,6,0,0,5,0,3,0,3,0,4,89,510,0,2,0,4,123,0,4,0,0,9,0,0,0,0,0,0,47,0,0,0,0,4,0,0,0,0,0,3,177,0,0,0
ベネズエラ,"1,656 ",0 ,0 ,0 ,0 ,0 ,0 ,4 ,0 ,2 ,0 ,0 ,0 ,2 ,0 ,0 ,0 ,1 ,0 ,0 ,0 ,0 ,0 ,0 ,0 ,0 ,0 ,0 ,0 ,0 ,0 ,0 ,0 ,795 ,0 ,1 ,639 ,0 ,0 ,0 ,0 ,0 ,0 ,0 ,0 ,0 ,0 ,0 ,0 ,0 ,0 ,0 ,0 ,0 ,0 ,0 ,0 ,3 ,0 ,0 ,0 ,0 ,0 ,0 ,161,   0 ,   0 ,6,0,0,0,0,0,0,0,0,0,0,0,0,0,0,0,0,0,0,0,0,0,0,0,0,0,0,0,0,0,0,1,0,0,0,0,1,12,0,0,0,0,0,0,0,0,0,0,0,0,0,0,0,0,3,0,0,0,0,0,0,0,0,0,0,0,21,4,0,0
ペルー,"12,812 ",0 ,0 ,0 ,0 ,0 ,0 ,8 ,0 ,6 ,0 ,1 ,0 ,2 ,0 ,0 ,0 ,2 ,0 ,0 ,1 ,0 ,0 ,0 ,0 ,0 ,0 ,0 ,0 ,0 ,0 ,0 ,0 ,"6,463 ",0 ,0 ,"4,315 ",0 ,0 ,0 ,0 ,0 ,4 ,0 ,0 ,0 ,0 ,0 ,0 ,0 ,0 ,0 ,6 ,0 ,0 ,0 ,0 ,417 ,0 ,0 ,0 ,0 ,0 ,0 ,"1,341",   0 ,   0 ,3,0,0,0,0,0,0,0,0,0,0,0,0,0,0,0,0,0,0,0,26,0,0,0,0,0,1,0,0,1,0,1,0,0,0,0,26,119,0,0,0,1,32,0,0,0,0,4,0,0,0,0,0,0,5,0,0,0,0,1,0,0,0,0,0,4,22,0,0,0
ボリビア,"1,749 ",0 ,0 ,0 ,0 ,0 ,0 ,1 ,0 ,0 ,0 ,0 ,0 ,2 ,0 ,0 ,0 ,0 ,0 ,0 ,0 ,0 ,0 ,0 ,0 ,0 ,0 ,0 ,0 ,0 ,0 ,0 ,0 ,845 ,0 ,0 ,552 ,0 ,0 ,0 ,0 ,0 ,0 ,0 ,0 ,0 ,0 ,0 ,0 ,0 ,0 ,0 ,0 ,0 ,0 ,0 ,0 ,39 ,0 ,0 ,0 ,0 ,0 ,0 ,285,   0 ,   0 ,0,0,0,0,0,0,0,0,0,0,0,0,0,0,0,0,0,0,0,0,4,0,0,0,0,0,0,0,0,0,0,0,0,0,0,6,4,8,0,0,0,0,1,0,0,0,0,0,0,0,0,0,0,0,1,0,0,0,0,0,0,0,0,0,0,0,1,0,0,0
オセアニア,"705,822 ",0 ,647 ,186 ,0 ,0 ,0 ,"13,251 ",0 ,262 ,24 ,41 ,0 ,252 ,3 ,3 ,4 ,73 ,1 ,0 ,209 ,0 ,0 ,0 ,34 ,4 ,0 ,0 ,0 ,1 ,0 ,1 ,0 ,"267,413 ",0 ,239 ,"292,333 ",2 ,19 ,0 ,0 ,0 ,554 ,0 ,2 ,22 ,17 ,0 ,633 ,68 ,1 ,0 ,28 ,33 ,0 ,73 ,0 ,"5,066 ",0 ,2 ,0 ,0 ,0 ,401 ,"96,090",   0 ,   0 ,730,0,0,0,7,0,22,360,0,37,0,0,0,8,0,33,146,0,0,8,48,0,0,1,0,0,284,0,132,34,0,189,3,219,0,29,"1,049","12,558",46,13,0,202,"4,655",2,58,0,108,144,0,15,0,0,0,13,"2,334",133,0,18,27,536,0,24,1,0,0,93,"3,447",64,0,0
オーストラリア,"620,480 ",0 ,578 ,168 ,0 ,0 ,0 ,"12,189 ",0 ,242 ,17 ,32 ,0 ,226 ,1 ,3 ,3 ,58 ,1 ,0 ,190 ,0 ,0 ,0 ,34 ,4 ,0 ,0 ,0 ,1 ,0 ,1 ,0 ,"211,876 ",0 ,205 ,"276,855 ",2 ,16 ,0 ,0 ,0 ,494 ,0 ,0 ,22 ,14 ,0 ,572 ,60 ,1 ,0 ,23 ,32 ,0 ,0 ,0 ,"4,365 ",0 ,2 ,0 ,0 ,0 ,347 ,"87,772",   0 ,   0 ,632,0,0,0,3,0,21,318,0,31,0,0,0,8,0,30,122,0,0,2,37,0,0,1,0,0,240,0,127,26,0,170,0,201,0,17,881,"10,871",30,10,0,190,"4,129",1,37,0,88,143,0,5,0,0,0,11,"2,090",120,0,0,0,489,0,22,0,0,0,37,"2,876",58,0,0
キリバス,63 ,0 ,0 ,0 ,0 ,0 ,0 ,0 ,0 ,0 ,0 ,0 ,0 ,0 ,0 ,0 ,0 ,0 ,0 ,0 ,0 ,0 ,0 ,0 ,0 ,0 ,0 ,0 ,0 ,0 ,0 ,0 ,0 ,49 ,0 ,0 ,10 ,0 ,0 ,0 ,0 ,0 ,0 ,0 ,0 ,0 ,0 ,0 ,0 ,0 ,0 ,0 ,0 ,0 ,0 ,0 ,0 ,0 ,0 ,0 ,0 ,0 ,0 ,0 ,4,   0 ,   0 ,0,0,0,0,0,0,0,0,0,0,0,0,0,0,0,0,0,0,0,0,0,0,0,0,0,0,0,0,0,0,0,0,0,0,0,0,0,0,0,0,0,0,0,0,0,0,0,0,0,0,0,0,0,0,0,0,0,0,0,0,0,0,0,0,0,0,0,0,0,0
サモア,179 ,0 ,0 ,0 ,0 ,0 ,0 ,1 ,0 ,0 ,0 ,0 ,0 ,0 ,0 ,0 ,0 ,0 ,0 ,0 ,0 ,0 ,0 ,0 ,0 ,0 ,0 ,0 ,0 ,0 ,0 ,0 ,0 ,126 ,0 ,0 ,27 ,0 ,0 ,0 ,0 ,0 ,0 ,0 ,0 ,0 ,0 ,0 ,0 ,0 ,0 ,0 ,0 ,0 ,0 ,0 ,0 ,0 ,0 ,0 ,0 ,0 ,0 ,0 ,21,   0 ,   0 ,0,0,0,0,0,0,0,0,0,0,0,0,0,0,0,0,0,0,0,0,0,0,0,0,0,0,0,0,0,0,0,0,0,0,0,0,0,4,0,0,0,0,0,0,0,0,0,0,0,0,0,0,0,0,0,0,0,0,0,0,0,0,0,0,0,0,0,0,0,0
ソロモン,136 ,0 ,0 ,0 ,0 ,0 ,0 ,0 ,0 ,0 ,0 ,0 ,0 ,0 ,0 ,0 ,0 ,0 ,0 ,0 ,0 ,0 ,0 ,0 ,0 ,0 ,0 ,0 ,0 ,0 ,0 ,0 ,0 ,74 ,0 ,0 ,31 ,0 ,0 ,0 ,0 ,0 ,0 ,0 ,0 ,0 ,0 ,0 ,0 ,0 ,0 ,0 ,0 ,0 ,0 ,0 ,0 ,1 ,0 ,0 ,0 ,0 ,0 ,0 ,23,   0 ,   0 ,0,0,0,0,0,0,0,0,0,0,0,0,0,0,0,0,0,0,0,0,0,0,0,0,0,0,0,0,0,0,0,0,0,0,0,0,0,7,0,0,0,0,0,0,0,0,0,0,0,0,0,0,0,0,0,0,0,0,0,0,0,0,0,0,0,0,0,0,0,0
ツバル,49 ,0 ,0 ,0 ,0 ,0 ,0 ,0 ,0 ,0 ,0 ,0 ,0 ,0 ,0 ,0 ,0 ,0 ,0 ,0 ,0 ,0 ,0 ,0 ,0 ,0 ,0 ,0 ,0 ,0 ,0 ,0 ,0 ,18 ,0 ,0 ,20 ,0 ,0 ,0 ,0 ,0 ,0 ,0 ,0 ,0 ,0 ,0 ,0 ,0 ,0 ,0 ,0 ,0 ,0 ,0 ,0 ,0 ,0 ,0 ,0 ,0 ,0 ,0 ,6,   0 ,   0 ,0,0,0,0,0,0,0,0,0,1,0,0,0,0,0,0,0,0,0,0,0,0,0,0,0,0,0,0,0,0,0,0,2,0,0,0,0,0,0,0,0,0,0,0,0,0,0,0,0,0,0,0,0,0,0,0,0,0,0,0,0,0,0,0,0,0,2,0,0,0
トンガ,355 ,0 ,0 ,0 ,0 ,0 ,0 ,0 ,0 ,0 ,0 ,0 ,0 ,0 ,0 ,0 ,0 ,0 ,0 ,0 ,0 ,0 ,0 ,0 ,0 ,0 ,0 ,0 ,0 ,0 ,0 ,0 ,0 ,263 ,0 ,0 ,50 ,0 ,0 ,0 ,0 ,0 ,0 ,0 ,0 ,0 ,0 ,0 ,0 ,0 ,0 ,0 ,0 ,0 ,0 ,0 ,0 ,0 ,0 ,0 ,0 ,0 ,0 ,0 ,32,   0 ,   0 ,0,0,0,0,0,0,0,0,0,0,0,0,0,0,0,0,0,0,0,0,0,0,0,0,0,0,0,0,0,0,0,0,0,0,0,0,0,9,0,0,0,0,0,0,0,0,0,0,0,0,0,0,0,0,0,0,0,0,0,0,0,0,0,0,0,0,1,0,0,0
ナウル,31 ,0 ,0 ,0 ,0 ,0 ,0 ,0 ,0 ,0 ,0 ,0 ,0 ,0 ,0 ,0 ,0 ,0 ,0 ,0 ,0 ,0 ,0 ,0 ,0 ,0 ,0 ,0 ,0 ,0 ,0 ,0 ,0 ,14 ,0 ,0 ,9 ,0 ,0 ,0 ,0 ,0 ,0 ,0 ,0 ,0 ,0 ,0 ,0 ,0 ,0 ,0 ,0 ,0 ,0 ,0 ,0 ,2 ,0 ,0 ,0 ,0 ,0 ,0 ,6,   0 ,   0 ,0,0,0,0,0,0,0,0,0,0,0,0,0,0,0,0,0,0,0,0,0,0,0,0,0,0,0,0,0,0,0,0,0,0,0,0,0,0,0,0,0,0,0,0,0,0,0,0,0,0,0,0,0,0,0,0,0,0,0,0,0,0,0,0,0,0,0,0,0,0
ニュージーランド,"81,099 ",0 ,69 ,18 ,0 ,0 ,0 ,"1,051 ",0 ,20 ,7 ,8 ,0 ,26 ,2 ,0 ,1 ,15 ,0 ,0 ,19 ,0 ,0 ,0 ,0 ,0 ,0 ,0 ,0 ,0 ,0 ,0 ,0 ,"52,671 ",0 ,34 ,"14,766 ",0 ,3 ,0 ,0 ,0 ,60 ,0 ,2 ,0 ,3 ,0 ,61 ,8 ,0 ,0 ,5 ,1 ,0 ,0 ,0 ,643 ,0 ,0 ,0 ,0 ,0 ,54 ,"7,981",   0 ,   0 ,96,0,0,0,4,0,1,42,0,5,0,0,0,0,0,3,24,0,0,6,11,0,0,0,0,0,44,0,5,8,0,19,1,18,0,12,168,"1,596",16,3,0,12,526,1,21,0,20,1,0,10,0,0,0,2,243,13,0,0,0,47,0,1,1,0,0,42,545,4,0,0
バヌアツ,338 ,0 ,0 ,0 ,0 ,0 ,0 ,6 ,0 ,0 ,0 ,0 ,0 ,0 ,0 ,0 ,0 ,0 ,0 ,0 ,0 ,0 ,0 ,0 ,0 ,0 ,0 ,0 ,0 ,0 ,0 ,0 ,0 ,181 ,0 ,0 ,97 ,0 ,0 ,0 ,0 ,0 ,0 ,0 ,0 ,0 ,0 ,0 ,0 ,0 ,0 ,0 ,0 ,0 ,0 ,0 ,0 ,5 ,0 ,0 ,0 ,0 ,0 ,0 ,38,   0 ,   0 ,0,0,0,0,0,0,0,0,0,0,0,0,0,0,0,0,0,0,0,0,0,0,0,0,0,0,0,0,0,0,0,0,0,0,0,0,0,9,0,0,0,0,0,0,0,0,0,0,0,0,0,0,0,0,0,0,0,0,0,0,0,0,0,0,0,0,2,0,0,0
パプアニューギニア,705 ,0 ,0 ,0 ,0 ,0 ,0 ,1 ,0 ,0 ,0 ,0 ,0 ,0 ,0 ,0 ,0 ,0 ,0 ,0 ,0 ,0 ,0 ,0 ,0 ,0 ,0 ,0 ,0 ,0 ,0 ,0 ,0 ,385 ,0 ,0 ,149 ,0 ,0 ,0 ,0 ,0 ,0 ,0 ,0 ,0 ,0 ,0 ,0 ,0 ,0 ,0 ,0 ,0 ,0 ,67 ,0 ,2 ,0 ,0 ,0 ,0 ,0 ,0 ,54,   0 ,   0 ,0,0,0,0,0,0,0,0,0,0,0,0,0,0,0,0,0,0,0,0,0,0,0,0,0,0,0,0,0,0,0,0,0,0,0,0,0,5,0,0,0,0,0,0,0,0,0,0,0,0,0,0,0,0,1,0,0,14,27,0,0,0,0,0,0,0,0,0,0,0
パラオ,419 ,0 ,0 ,0 ,0 ,0 ,0 ,0 ,0 ,0 ,0 ,1 ,0 ,0 ,0 ,0 ,0 ,0 ,0 ,0 ,0 ,0 ,0 ,0 ,0 ,0 ,0 ,0 ,0 ,0 ,0 ,0 ,0 ,272 ,0 ,0 ,20 ,0 ,0 ,0 ,0 ,0 ,0 ,0 ,0 ,0 ,0 ,0 ,0 ,0 ,0 ,0 ,0 ,0 ,0 ,0 ,0 ,36 ,0 ,0 ,0 ,0 ,0 ,0 ,45,   0 ,   0 ,0,0,0,0,0,0,0,0,0,0,0,0,0,0,0,0,0,0,0,0,0,0,0,0,0,0,0,0,0,0,0,0,0,0,0,0,0,24,0,0,0,0,0,0,0,0,0,0,0,0,0,0,0,0,0,0,0,0,0,0,0,0,0,0,0,14,5,2,0,0
フィジー,"1,418 ",0 ,0 ,0 ,0 ,0 ,0 ,1 ,0 ,0 ,0 ,0 ,0 ,0 ,0 ,0 ,0 ,0 ,0 ,0 ,0 ,0 ,0 ,0 ,0 ,0 ,0 ,0 ,0 ,0 ,0 ,0 ,0 ,"1,102 ",0 ,0 ,241 ,0 ,0 ,0 ,0 ,0 ,0 ,0 ,0 ,0 ,0 ,0 ,0 ,0 ,0 ,0 ,0 ,0 ,0 ,0 ,0 ,3 ,0 ,0 ,0 ,0 ,0 ,0 ,51,   0 ,   0 ,2,0,0,0,0,0,0,0,0,0,0,0,0,0,0,0,0,0,0,0,0,0,0,0,0,0,0,0,0,0,0,0,0,0,0,0,0,11,0,0,0,0,0,0,0,0,0,0,0,0,0,0,0,0,0,0,0,0,0,0,0,0,0,0,0,0,7,0,0,0
マーシャル,185 ,0 ,0 ,0 ,0 ,0 ,0 ,1 ,0 ,0 ,0 ,0 ,0 ,0 ,0 ,0 ,0 ,0 ,0 ,0 ,0 ,0 ,0 ,0 ,0 ,0 ,0 ,0 ,0 ,0 ,0 ,0 ,0 ,114 ,0 ,0 ,39 ,0 ,0 ,0 ,0 ,0 ,0 ,0 ,0 ,0 ,0 ,0 ,0 ,0 ,0 ,0 ,0 ,0 ,0 ,0 ,0 ,2 ,0 ,0 ,0 ,0 ,0 ,0 ,18,   0 ,   0 ,0,0,0,0,0,0,0,0,0,0,0,0,0,0,0,0,0,0,0,0,0,0,0,0,0,0,0,0,0,0,0,0,0,0,0,0,0,4,0,0,0,0,0,0,0,0,0,0,0,0,0,0,0,0,0,0,0,0,0,0,0,0,0,0,0,0,7,0,0,0
ミクロネシア,365 ,0 ,0 ,0 ,0 ,0 ,0 ,1 ,0 ,0 ,0 ,0 ,0 ,0 ,0 ,0 ,0 ,0 ,0 ,0 ,0 ,0 ,0 ,0 ,0 ,0 ,0 ,0 ,0 ,0 ,0 ,0 ,0 ,268 ,0 ,0 ,19 ,0 ,0 ,0 ,0 ,0 ,0 ,0 ,0 ,0 ,0 ,0 ,0 ,0 ,0 ,0 ,0 ,0 ,0 ,6 ,0 ,7 ,0 ,0 ,0 ,0 ,0 ,0 ,39,   0 ,   0 ,0,0,0,0,0,0,0,0,0,0,0,0,0,0,0,0,0,0,0,0,0,0,0,0,0,0,0,0,0,0,0,0,0,0,0,0,0,18,0,0,0,0,0,0,0,0,0,0,0,0,0,0,0,0,0,0,0,4,0,0,0,1,0,0,0,0,2,0,0,0
無国籍,520 ,0 ,0 ,0 ,0 ,0 ,0 ,9 ,0 ,0 ,3 ,0 ,0 ,0 ,0 ,0 ,0 ,0 ,0 ,0 ,0 ,0 ,0 ,0 ,0 ,0 ,0 ,0 ,0 ,0 ,0 ,0 ,0 ,218 ,0 ,0 ,168 ,0 ,0 ,0 ,0 ,0 ,0 ,0 ,0 ,0 ,0 ,0 ,0 ,0 ,0 ,0 ,0 ,0 ,0 ,0 ,0 ,21 ,0 ,0 ,0 ,0 ,0 ,0 ,73,   0 ,   0 ,0,0,0,0,0,0,0,0,0,0,0,0,0,0,0,0,0,0,0,0,0,0,0,0,0,0,2,0,0,0,0,0,0,0,0,0,0,23,0,0,0,0,0,0,0,0,0,0,0,0,0,0,0,0,0,0,0,0,0,0,0,0,0,0,0,0,3,0,0,0
